Datasheets,Image,Digi-Key Part Number,Manufacturer Part Number,Manufacturer,Description,Quantity Available,Factory Stock,Unit Price (USD),@ qty,Minimum Quantity,"Packaging","Series","Part Status","Resistance in Ohms @ 25°C","Resistance Tolerance","B Value Tolerance","B0/50","B25/50","B25/75","B25/85","B25/100","Operating Temperature","Power - Max","Length - Lead Wire","Mounting Type","Package / Case"
-,//media.digikey.com/Photos/US%20Sensor%20Photos/MFG_USP18967.jpg,USP18967-ND,USP18967,Littelfuse Inc.,THERMISTOR NTC 10KOHM 3977K CLIP,0,0,"Active","0","0","-","USP","Active","10k","±1%","-","-","-","-","3977K","-","105°C","-","240.00"" (6.09m)","Clip On","Pipe Sensor Assembly"
-,-,P20AAA102M-ND,P20AAA102M,Amphenol Advanced Sensors,THERMISTOR NTC 1KOHM BEAD,0,0,"Obsolete","0","150","Bulk","-","Obsolete","1k","±20%","-","-","-","-","-","-","-","20mW","0.24"" (6.30mm)","Through Hole","Bead"
"//media.digikey.com/pdf/Data%20Sheets/Vishay%20Dale%20PDFs/T,M,C_Series_Rev_May_2017.pdf",-,01M1002SFC2-ND,01M1002SFC2,Vishay Dale,THERMISTOR NTC 10KOHM 3964K BEAD,0,0,"Obsolete","0","0","Bulk","M","Obsolete","10k","-","±1%","-","-","3964K","3974K","-","-40°C ~ 125°C","75mW","-","Through Hole","Bead"
"//media.digikey.com/pdf/Data%20Sheets/Vishay%20Dale%20PDFs/T,M,C_Series_Rev_May_2017.pdf",-,02C1001SFB2-ND,02C1001SFB2,Vishay Dale,THERMISTOR NTC 1KOHM BEAD,0,0,"Obsolete","0","0","Bulk","C","Obsolete","1k","-","-","-","-","-","-","-","-","-","1.42"" (36.00mm)","Free Hanging","Bead"
"//media.digikey.com/pdf/Data%20Sheets/Vishay%20Dale%20PDFs/T,M,C_Series_Rev_May_2017.pdf",-,03M2200JF-ND,03M2200JF,Vishay Dale,THERMISTOR NTC 220OHM,0,0,"Obsolete","0","0","Bulk","M","Obsolete","220","±5%","-","-","-","-","-","-","-","-","1.50"" (38.00mm)","Through Hole","-"
"//media.digikey.com/pdf/Data%20Sheets/Vishay%20Dale%20PDFs/T,M,C_Series_Rev_May_2017.pdf",-,03T2200JF-ND,03T2200JF,Vishay Dale,THERMISTOR NTC 220OHM BEAD,0,0,"Obsolete","0","0","Bulk","T","Obsolete","220","±5%","-","-","-","-","-","-","-","-","1.50"" (38.00mm)","Free Hanging","Bead"
"//media.digikey.com/pdf/Data%20Sheets/Vishay%20Dale%20PDFs/T,M,C_Series_Rev_May_2017.pdf",-,04T1003MF-ND,04T1003MF,Vishay Dale,THERMISTOR NTC 100KOHM,0,0,"Obsolete","0","0","-","T","Obsolete","100k","-","-","-","-","-","-","-","-","-","-","-","-"
https://www.murata.com/~/media/webrenewal/support/library/catalog/products/thermistor/r03e.ashx?la=en-us,-,NCU18XH103E06RB-ND,NCU18XH103E06RB,Murata Electronics,THERMISTOR NTC 10KOHM 3380K 0603,0,0,"Preliminary","0","0","Tape & Reel (TR)","NCU","Preliminary","10k","±3%","±1%","-","3380K","-","3434K","3455K","-40°C ~ 125°C","100mW","-","Surface Mount","0603 (1608 Metric)"
-,//media.digikey.com/Photos/US%20Sensor%20Photos/MFG_USP3275.jpg,USP3275-ND,USP3275,Littelfuse Inc.,THERM NTC 10KOHM 3892K PROBE,0,0,"Active","0","0","-","USP","Active","10k","±5%","-","3892K","-","-","-","-","105°C","-","55.00"" (1.39m)","Free Hanging","Cylindrical Probe, Stainless Steel"
//media.digikey.com/pdf/Data%20Sheets/Epcos%20PDFs/B57423V2473H062.pdf,-,495-76306-2-ND,B57423V2473H062,TDK Electronics Inc.,THERM NTC 4.7KOHM 4000K 0805,0,0,"Active","0","0","Tape & Reel (TR)","-","Active","4.7k","±5%","±3%","-","-","-","-","4000K","-55°C ~ 125°C","210mW","-","Surface Mount","0805 (2012 Metric)"
//media.digikey.com/pdf/Data%20Sheets/Epcos%20PDFs/B57423V2473H062.pdf,-,495-76306-1-ND,B57423V2473H062,TDK Electronics Inc.,THERM NTC 4.7KOHM 4000K 0805,0,0,"Discontinued at Digi-Key","0","1","Cut Tape (CT)","-","Discontinued at Digi-Key","4.7k","±5%","±3%","-","-","-","-","4000K","-55°C ~ 125°C","210mW","-","Surface Mount","0805 (2012 Metric)"
-,//media.digikey.com/Renders/Epcos%20Renders/0805(EIA).jpg,495-76308-2-ND,B57431V2474J062,TDK Electronics Inc.,THERMISTOR NTC 470KOHM 0805,0,0,"Active","0","0","Tape & Reel (TR)","B574","Active","470k","±5%","±3%","-","-","-","-","-","-55°C ~ 125°C","-","-","Surface Mount","0805 (2012 Metric)"
-,//media.digikey.com/Renders/Epcos%20Renders/0805(EIA).jpg,495-76308-1-ND,B57431V2474J062,TDK Electronics Inc.,THERMISTOR NTC 470KOHM 0805,0,0,"Discontinued at Digi-Key","0","1","Cut Tape (CT)","B574","Discontinued at Digi-Key","470k","±5%","±3%","-","-","-","-","-","-55°C ~ 125°C","-","-","Surface Mount","0805 (2012 Metric)"
https://sensing.honeywell.com/honeywell-sensing-temperature-sensors-line-guide-009033-4-en.pdf,-,173-103LAF-301-ND,173-103LAF-301,Honeywell Sensing and Productivity Solutions,THERMISTOR NTC 10KOHM 0805,0,0,"Obsolete","0","0","Tape & Reel (TR)","173","Obsolete","10k","±5%","-","-","-","-","-","-","-60°C ~ 125°C","-","-","Surface Mount","0805 (2012 Metric)"
https://sensing.honeywell.com/honeywell-sensing-temperature-sensors-line-guide-009033-4-en.pdf,-,175-104LAF-301-ND,175-104LAF-301,Honeywell Sensing and Productivity Solutions,THERMISTOR NTC 100KOHM 1206,0,0,"Obsolete","0","3000","Tape & Reel (TR)","175","Obsolete","100k","±5%","-","-","-","-","-","-","-60°C ~ 125°C","-","-","Surface Mount","1206 (3216 Metric)"
//media.digikey.com/pdf/Data%20Sheets/Epcos%20PDFs/B57620C.pdf,//media.digikey.com/Renders/Epcos%20Renders/0805(EIA).jpg,495-76637-2-ND,B57620C223J62,TDK Electronics Inc.,THERMISTOR NTC 22KOHM 3930K 0805,0,0,"Active","0","0","Tape & Reel (TR)","-","Active","22k","±5%","±3%","-","3930K","-","3960K","3980K","-55°C ~ 125°C","210mW","-","Surface Mount","0805 (2012 Metric)"
//media.digikey.com/pdf/Data%20Sheets/Epcos%20PDFs/B57620C.pdf,//media.digikey.com/Renders/Epcos%20Renders/0805(EIA).jpg,495-76637-1-ND,B57620C223J62,TDK Electronics Inc.,THERMISTOR NTC 22KOHM 3930K 0805,0,0,"Discontinued at Digi-Key","0","1","Cut Tape (CT)","-","Discontinued at Digi-Key","22k","±5%","±3%","-","3930K","-","3960K","3980K","-55°C ~ 125°C","210mW","-","Surface Mount","0805 (2012 Metric)"
//media.digikey.com/pdf/Data%20Sheets/Epcos%20PDFs/B57620C.pdf,//media.digikey.com/Renders/Epcos%20Renders/0805(EIA).jpg,495-76637-6-ND,B57620C223J62,TDK Electronics Inc.,THERMISTOR NTC 22KOHM 3930K 0805,0,0,"Digi-Reel","0","1","Digi-Reel®","-","Discontinued at Digi-Key","22k","±5%","±3%","-","3930K","-","3960K","3980K","-55°C ~ 125°C","210mW","-","Surface Mount","0805 (2012 Metric)"
//media.digikey.com/pdf/Data%20Sheets/Abracon%20Corp%20PDFs/ABNTC-0805_Series_Rev_May_2014.pdf,//media.digikey.com/Renders/Abracon%20Renders/0805%20(2012%20Metric).jpg,ABNTC-0805-474J-4500F-ND,ABNTC-0805-474J-4500F,Abracon LLC,THERM NTC 470KOHM 4500K 0805,0,0,"Obsolete","0","0","Tape & Reel (TR)","-","Obsolete","470k","±5%","±1%","-","4500K","-","-","-","-55°C ~ 125°C","200mW","-","Surface Mount","0805 (2012 Metric)"
https://www.amphenol-sensors.com/index.php?option=com_edocman&task=document.download&id=114,-,235-1554-2-ND,TH420J41GBSN-T5,Amphenol Advanced Sensors,THERMISTOR NTC 200KOHM AXIAL,0,0,"Obsolete","0","4000","Tape & Box (TB)","TH","Obsolete","200k","±5%","±5%","-","-","-","-","-","-40°C ~ 250°C","25mW","1.02"" (26.00mm)","Through Hole","Axial"
https://www.amphenol-sensors.com/index.php?option=com_edocman&task=document.download&id=114,-,235-1554-1-ND,TH420J41GBSN-T5,Amphenol Advanced Sensors,THERMISTOR NTC 200KOHM AXIAL,0,0,"Obsolete","0","1","Cut Tape (CT)","TH","Obsolete","200k","±5%","±5%","-","-","-","-","-","-40°C ~ 250°C","25mW","1.02"" (26.00mm)","Through Hole","Axial"
http://www.vishay.com/docs/33008/nths.pdf,//media.digikey.com/Renders/Vishay%20Dale%20Renders/NTHS%200603%20(1608metric).jpg,541-5620-2-ND,NTHS0603N04N2203JE,Vishay Dale,THERM NTC 220KOHM 4247K 0603,0,0,"Obsolete","0","2000","Tape & Reel (TR)","NTHS","Obsolete","220k","±5%","±3%","-","-","4247K","-","-","-","-","-","Surface Mount","0603 (1608 Metric)"
http://www.vishay.com/docs/33008/nths.pdf,//media.digikey.com/Renders/Vishay%20Dale%20Renders/NTHS%200603%20(1608metric).jpg,541-5620-1-ND,NTHS0603N04N2203JE,Vishay Dale,THERM NTC 220KOHM 4247K 0603,0,0,"Obsolete","0","1","Cut Tape (CT)","NTHS","Obsolete","220k","±5%","±3%","-","-","4247K","-","-","-","-","-","Surface Mount","0603 (1608 Metric)"
http://www.vishay.com/docs/33008/nths.pdf,//media.digikey.com/Renders/Vishay%20Dale%20Renders/NTHS%200603%20(1608metric).jpg,541-5620-6-ND,NTHS0603N04N2203JE,Vishay Dale,THERM NTC 220KOHM 4247K 0603,0,0,"Digi-Reel","0","1","Digi-Reel®","NTHS","Obsolete","220k","±5%","±3%","-","-","4247K","-","-","-","-","-","Surface Mount","0603 (1608 Metric)"
http://www.vishay.com/docs/33008/nths.pdf,//media.digikey.com/Renders/Vishay%20Dale%20Renders/NTHS%200805%20(2012metric).jpg,541-5623-2-ND,NTHS0805N04N3303JE,Vishay Dale,THERM NTC 330KOHM 4247K 0805,0,0,"Obsolete","0","2000","Tape & Reel (TR)","NTHS","Obsolete","330k","±5%","±3%","-","-","4247K","4262K","-","-40°C ~ 125°C","-","-","Surface Mount","0805 (2012 Metric)"
http://www.vishay.com/docs/33008/nths.pdf,//media.digikey.com/Renders/Vishay%20Dale%20Renders/NTHS%200805%20(2012metric).jpg,541-5623-1-ND,NTHS0805N04N3303JE,Vishay Dale,THERM NTC 330KOHM 4247K 0805,0,0,"Obsolete","0","1","Cut Tape (CT)","NTHS","Obsolete","330k","±5%","±3%","-","-","4247K","4262K","-","-40°C ~ 125°C","-","-","Surface Mount","0805 (2012 Metric)"
http://www.vishay.com/docs/33008/nths.pdf,//media.digikey.com/Renders/Vishay%20Dale%20Renders/NTHS%200805%20(2012metric).jpg,541-5623-6-ND,NTHS0805N04N3303JE,Vishay Dale,THERM NTC 330KOHM 4247K 0805,0,0,"Digi-Reel","0","1","Digi-Reel®","NTHS","Obsolete","330k","±5%","±3%","-","-","4247K","4262K","-","-40°C ~ 125°C","-","-","Surface Mount","0805 (2012 Metric)"
//media.digikey.com/pdf/Data%20Sheets/Abracon%20Corp%20PDFs/ABNTC-0402_DS.pdf,-,ABNTC-0402-684F-4400F-T-ND,ABNTC-0402-684F-4400F-T,Abracon LLC,THERM NTC 680KOHM 0402,0,0,"Obsolete","0","0","Tape & Reel (TR)","-","Obsolete","680k","±1%","±1%","-","4400K","-","-","-","-55°C ~ 125°C","100mW","-","Surface Mount","0402 (1005 Metric)"
-,-,USX3363-ND,USX3363,Littelfuse Inc.,THERMISTOR NTC 10KOHM 3892K BEAD,0,0,"Active","0","0","-","-","Active","-","-","-","-","-","-","-","-","-","-","-","-","-"
//media.digikey.com/pdf/Data%20Sheets/Littelfuse%20PDFs/USP16311.pdf,-,USP16311-ND,USP16311,Littelfuse Inc.,THERM NTC 30KOHM 3810K PROBE,0,0,"Active","0","0","-","USP","Active","30k","±0.56°C","-","3810K","-","-","-","-","80°C","-","10.00"" (254.00mm)","Free Hanging","Probe"
-,-,USX3351-ND,USX3351,Littelfuse Inc.,NTC THERMISTOR J TYPE,0,0,"Active","0","0","-","-","Active","-","-","-","-","-","-","-","-","-","-","-","-","-"
-,-,USX2071-ND,USX2071,Littelfuse Inc.,THERMISTOR NTC 1KOHM 3892K BEAD,0,0,"Active","0","0","-","*","Active","-","-","-","-","-","-","-","-","-","-","-","-","-"
-,-,USP4679-ND,USP4679,Littelfuse Inc.,THERM NTC 100KOHM 3892K,0,0,"Active","0","0","-","-","Active","-","-","-","-","-","-","-","-","-","-","-","-","-"
-,-,BC103K1N-ND,BC103K1N,Littelfuse Inc.,THERMISTOR NTC 10KOHM CHIP,0,0,"Active","0","0","-","BC","Active","10k","-","-","-","-","-","-","-","-55°C ~ 150°C","-","-","Surface Mount","Nonstandard Chip"
https://www.amphenol-sensors.com/en/component/edocman/421-thermometrics-cable-probe-temperature-sensors-datasheet/download?Itemid=8484%20%27,-,235-1723-ND,JS4676,Amphenol Advanced Sensors,"CABLE PROBE ASSEMBLY, ALUMINUM,",0,0,"Active","0","0","-","JS","Active","10k","±3%","±1%","-","-","-","3960K","-","105°C","-","11.81"" (300.00mm)","User Defined","Probe"
https://www.murata.com/en-eu/api/pdfdownloadapi?cate=luNTCforTempeSenso&partno=NXFT15WF104FEAB___,-,NXFT15WF104FEAB025-ND,NXFT15WF104FEAB025,Murata Electronics,THERMISTOR NTC 100KOHM,0,0,"Preliminary","0","0","-","NXF","Preliminary","100k","±1%","±1%","-","4250K","-","4311K","4334K","-40°C ~ 125°C","3mW","0.98"" (25.00mm)","Free Hanging","Bead"
https://www.murata.com/en-eu/api/pdfdownloadapi?cate=luNTCforTempeSenso&partno=NXFT15WF104FEAB___,-,NXFT15WF104FEAB050-ND,NXFT15WF104FEAB050,Murata Electronics,THERMISTOR NTC 100KOHM,0,0,"Preliminary","0","0","-","NXF","Preliminary","100k","±1%","±1%","-","4250K","-","4311K","4334K","-40°C ~ 125°C","3mW","1.97"" (50.00mm)","Free Hanging","Bead"
https://www.murata.com/en-eu/api/pdfdownloadapi?cate=luNTCforTempeSenso&partno=NXFT15XH103FEAB___,-,NXFT15XH103FEAB025-ND,NXFT15XH103FEAB025,Murata Electronics,THERMISTOR NTC 10KOHM,0,0,"Preliminary","0","0","-","NXF","Preliminary","10k","±1%","±1%","-","3380K","-","3434K","3455K","-40°C ~ 125°C","3mW","0.98"" (25.00mm)","Free Hanging","Bead"
https://www.murata.com/en-eu/api/pdfdownloadapi?cate=luNTCforTempeSenso&partno=NXFT15XH103FEAB___,-,NXFT15XH103FEAB040-ND,NXFT15XH103FEAB040,Murata Electronics,THERMISTOR NTC 10KOHM,0,0,"Preliminary","0","0","-","NXF","Preliminary","10k","±1%","±1%","-","3380K","-","3434K","3455K","-40°C ~ 125°C","3mW","1.58"" (40.00mm)","Free Hanging","Bead"
https://www.murata.com/en-eu/api/pdfdownloadapi?cate=luNTCforTempeSenso&partno=NXFT15XH103FEAB___,-,NXFT15XH103FEAB050-ND,NXFT15XH103FEAB050,Murata Electronics,THERMISTOR NTC 10KOHM,0,0,"Preliminary","0","0","-","NXF","Preliminary","10k","±1%","±1%","-","3380K","-","3434K","3455K","-40°C ~ 125°C","3mW","1.97"" (50.00mm)","Free Hanging","Bead"
https://www.murata.com/en-eu/api/pdfdownloadapi?cate=luNTCforTempeSenso&partno=NXFT15XV103FEAB___,-,NXFT15XV103FEAB030-ND,NXFT15XV103FEAB030,Murata Electronics,THERMISTOR NTC 10KOHM,0,0,"Preliminary","0","0","-","NXF","Preliminary","10k","±1%","±1%","-","3936K","-","3977K","3988K","-40°C ~ 125°C","3mW","1.18"" (30.00mm)","Free Hanging","Bead"
//media.digikey.com/pdf/Data%20Sheets/Littelfuse%20PDFs/USP9540_Dwg_RT_Table.pdf,-,18-USP9540-ND,USP9540,Littelfuse Inc.,THERM NTC 10KOHM 3892K PROBE,0,0,"Active","0","0","-","-","Active","-","-","-","-","-","-","-","-","-","-","-","-","-"
-,-,480-6655---90980006-ND,6655---90980006,Honeywell Sensing and Productivity Solutions,THERMAL-THERMISTORS COML PROBE,0,0,"Obsolete","0","150","-","*","Obsolete","-","-","-","-","-","-","-","-","-","-","-","-","-"
-,-,480-592-39CD04-103-ND,592-39CD04-103,Honeywell Sensing and Productivity Solutions,THERMAL-THERMISTORS COML PROBE,0,0,"Obsolete","0","500","-","*","Obsolete","-","-","-","-","-","-","-","-","-","-","-","-","-"
-,-,480-6655---90980004-ND,6655---90980004,Honeywell Sensing and Productivity Solutions,THERMAL-THERMISTORS COML PROBE,0,0,"Obsolete","0","150","-","*","Obsolete","-","-","-","-","-","-","-","-","-","-","-","-","-"
-,-,480-6655---90030005-ND,6655---90030005,Honeywell Sensing and Productivity Solutions,THERMAL-THERMISTORS COML PROBE,0,0,"Obsolete","0","150","-","*","Obsolete","-","-","-","-","-","-","-","-","-","-","-","-","-"
-,-,480-6655RP-90030007-ND,6655RP-90030007,Honeywell Sensing and Productivity Solutions,THERMAL-THERMISTORS COML PROBE,0,0,"Obsolete","0","150","-","*","Obsolete","-","-","-","-","-","-","-","-","-","-","-","-","-"
-,-,480-703-102BBB-A00-ND,703-102BBB-A00,Honeywell Sensing and Productivity Solutions,THERMISTORS,0,0,"Obsolete","0","60","-","*","Obsolete","-","-","-","-","-","-","-","-","-","-","-","-","-"
-,-,480-599-32BM01-103-ND,599-32BM01-103,Honeywell Sensing and Productivity Solutions,THERMAL-THERMISTORS,0,0,"Obsolete","0","80","-","*","Obsolete","-","-","-","-","-","-","-","-","-","-","-","-","-"
-,-,480-6655---79600002-ND,6655---79600002,Honeywell Sensing and Productivity Solutions,THERMAL-THERMISTORS,0,0,"Obsolete","0","150","-","*","Obsolete","-","-","-","-","-","-","-","-","-","-","-","-","-"
-,-,480-HTPUF06B18D-ND,HTPUF06B18D,Honeywell Sensing and Productivity Solutions,SENSOR THERMISTOR NTC,0,0,"Obsolete","0","0","-","*","Obsolete","-","-","-","-","-","-","-","-","-","-","-","-","-"
-,-,480-X211858-HWF-ND,X211858-HWF,Honeywell Sensing and Productivity Solutions,SENSOR THERMISTOR NTC,0,0,"Obsolete","0","0","-","*","Obsolete","-","-","-","-","-","-","-","-","-","-","-","-","-"
-,-,480-X208392-HWF-ND,X208392-HWF,Honeywell Sensing and Productivity Solutions,SENSOR THERMISTOR NTC,0,0,"Obsolete","0","0","-","*","Obsolete","-","-","-","-","-","-","-","-","-","-","-","-","-"
-,-,480-526-33AB20-153-ND,526-33AB20-153,Honeywell Sensing and Productivity Solutions,SENSOR THERMISTOR NTC,0,0,"Obsolete","0","0","-","*","Obsolete","-","-","-","-","-","-","-","-","-","-","-","-","-"
-,-,480-SCTHWA43SNS-ND,SCTHWA43SNS,Honeywell Sensing and Productivity Solutions,SENSOR THERMISTOR NTC,0,0,"Obsolete","0","0","-","*","Obsolete","-","-","-","-","-","-","-","-","-","-","-","-","-"
-,-,480-HTP-A-ND,HTP-A,Honeywell Sensing and Productivity Solutions,SENSOR THERMISTOR NTC,0,0,"Obsolete","0","0","-","*","Obsolete","-","-","-","-","-","-","-","-","-","-","-","-","-"
-,-,480-HTPTT06B06D-ND,HTPTT06B06D,Honeywell Sensing and Productivity Solutions,SENSOR THERMISTOR NTC,0,0,"Obsolete","0","0","-","*","Obsolete","-","-","-","-","-","-","-","-","-","-","-","-","-"
-,-,480-X203625-DAE-ND,X203625-DAE,Honeywell Sensing and Productivity Solutions,SENSOR THERMISTOR NTC,0,0,"Obsolete","0","0","-","*","Obsolete","-","-","-","-","-","-","-","-","-","-","-","-","-"
-,-,480-HTPUF06B06D-ND,HTPUF06B06D,Honeywell Sensing and Productivity Solutions,SENSOR THERMISTOR NTC,0,0,"Obsolete","0","0","-","*","Obsolete","-","-","-","-","-","-","-","-","-","-","-","-","-"
-,-,480-HTS-TT-ND,HTS-TT,Honeywell Sensing and Productivity Solutions,SENSOR THERMISTOR NTC,0,0,"Obsolete","0","0","-","*","Obsolete","-","-","-","-","-","-","-","-","-","-","-","-","-"
-,-,480-X209449-HWF-ND,X209449-HWF,Honeywell Sensing and Productivity Solutions,SENSOR THERMISTOR NTC,0,0,"Obsolete","0","0","-","*","Obsolete","-","-","-","-","-","-","-","-","-","-","-","-","-"
-,-,480-HTPTF06C06D-ND,HTPTF06C06D,Honeywell Sensing and Productivity Solutions,SENSOR THERMISTOR NTC,0,0,"Obsolete","0","0","-","*","Obsolete","-","-","-","-","-","-","-","-","-","-","-","-","-"
-,-,480-X207054-HWF-ND,X207054-HWF,Honeywell Sensing and Productivity Solutions,SENSOR THERMISTOR NTC,0,0,"Obsolete","0","0","-","*","Obsolete","-","-","-","-","-","-","-","-","-","-","-","-","-"
-,-,480-126-153YJC-B01-ND,126-153YJC-B01,Honeywell Sensing and Productivity Solutions,SENSOR THERMISTOR NTC,0,0,"Obsolete","0","0","-","*","Obsolete","-","-","-","-","-","-","-","-","-","-","-","-","-"
-,-,480-HTPTF06C18D-ND,HTPTF06C18D,Honeywell Sensing and Productivity Solutions,SENSOR THERMISTOR NTC,0,0,"Obsolete","0","0","-","*","Obsolete","-","-","-","-","-","-","-","-","-","-","-","-","-"
-,-,480-HTP-UCZ-ND,HTP-UCZ,Honeywell Sensing and Productivity Solutions,SENSOR THERMISTOR NTC,0,0,"Obsolete","0","0","-","*","Obsolete","-","-","-","-","-","-","-","-","-","-","-","-","-"
-,-,480-HTSFT24-ND,HTSFT24,Honeywell Sensing and Productivity Solutions,SENSOR THERMISTOR NTC,0,0,"Obsolete","0","0","-","*","Obsolete","-","-","-","-","-","-","-","-","-","-","-","-","-"
-,-,480-T200-C32-M14-C-02-ND,T200-C32-M14-C-02,Honeywell Sensing and Productivity Solutions,SENSOR THERMISTOR NTC,0,0,"Obsolete","0","0","-","*","Obsolete","-","-","-","-","-","-","-","-","-","-","-","-","-"
-,-,480-HTPUT06B18D-ND,HTPUT06B18D,Honeywell Sensing and Productivity Solutions,SENSOR THERMISTOR NTC,0,0,"Obsolete","0","0","-","*","Obsolete","-","-","-","-","-","-","-","-","-","-","-","-","-"
-,-,480-X212217-HWF-ND,X212217-HWF,Honeywell Sensing and Productivity Solutions,SENSOR THERMISTOR NTC,0,0,"Obsolete","0","0","-","*","Obsolete","-","-","-","-","-","-","-","-","-","-","-","-","-"
-,-,480-HTP-E-ND,HTP-E,Honeywell Sensing and Productivity Solutions,SENSOR THERMISTOR NTC,0,0,"Obsolete","0","0","-","*","Obsolete","-","-","-","-","-","-","-","-","-","-","-","-","-"
-,-,480-X212138-HWF-ND,X212138-HWF,Honeywell Sensing and Productivity Solutions,SENSOR THERMISTOR NTC,0,0,"Obsolete","0","0","-","*","Obsolete","-","-","-","-","-","-","-","-","-","-","-","-","-"
-,-,480-ES110-0014-ND,ES110-0014,Honeywell Sensing and Productivity Solutions,SENSOR THERMISTOR NTC,0,0,"Obsolete","0","0","-","*","Obsolete","-","-","-","-","-","-","-","-","-","-","-","-","-"
-,-,480-HTSP-RT-ND,HTSP-RT,Honeywell Sensing and Productivity Solutions,SENSOR THERMISTOR NTC,0,0,"Obsolete","0","0","-","*","Obsolete","-","-","-","-","-","-","-","-","-","-","-","-","-"
-,-,480-X211050-HWF-ND,X211050-HWF,Honeywell Sensing and Productivity Solutions,SENSOR THERMISTOR NTC,0,0,"Obsolete","0","0","-","*","Obsolete","-","-","-","-","-","-","-","-","-","-","-","-","-"
-,-,480-HTPUT06C06S-ND,HTPUT06C06S,Honeywell Sensing and Productivity Solutions,SENSOR THERMISTOR NTC,0,0,"Obsolete","0","0","-","*","Obsolete","-","-","-","-","-","-","-","-","-","-","-","-","-"
-,-,480-HTS-D5-ND,HTS-D5,Honeywell Sensing and Productivity Solutions,SENSOR THERMISTOR NTC,0,0,"Obsolete","0","0","-","*","Obsolete","-","-","-","-","-","-","-","-","-","-","-","-","-"
-,-,480-HTPTF06B18D-ND,HTPTF06B18D,Honeywell Sensing and Productivity Solutions,SENSOR THERMISTOR NTC,0,0,"Obsolete","0","0","-","*","Obsolete","-","-","-","-","-","-","-","-","-","-","-","-","-"
-,-,480-ES120-0008-ND,ES120-0008,Honeywell Sensing and Productivity Solutions,SENSOR THERMISTOR NTC,0,0,"Obsolete","0","0","-","*","Obsolete","-","-","-","-","-","-","-","-","-","-","-","-","-"
-,-,480-X213213-HWF-ND,X213213-HWF,Honeywell Sensing and Productivity Solutions,SENSOR THERMISTOR NTC,0,0,"Obsolete","0","0","-","*","Obsolete","-","-","-","-","-","-","-","-","-","-","-","-","-"
-,-,480-X200472-GEN-ND,X200472-GEN,Honeywell Sensing and Productivity Solutions,SENSOR THERMISTOR NTC,0,0,"Obsolete","0","0","-","*","Obsolete","-","-","-","-","-","-","-","-","-","-","-","-","-"
-,-,480-X208207-HWD-ND,X208207-HWD,Honeywell Sensing and Productivity Solutions,SENSOR THERMISTOR NTC,0,0,"Obsolete","0","0","-","*","Obsolete","-","-","-","-","-","-","-","-","-","-","-","-","-"
-,-,480-X212573-CAT-ND,X212573-CAT,Honeywell Sensing and Productivity Solutions,SENSOR THERMISTOR NTC,0,0,"Obsolete","0","0","-","*","Obsolete","-","-","-","-","-","-","-","-","-","-","-","-","-"
-,-,480-HTPUT06C18S-ND,HTPUT06C18S,Honeywell Sensing and Productivity Solutions,SENSOR THERMISTOR NTC,0,0,"Obsolete","0","0","-","*","Obsolete","-","-","-","-","-","-","-","-","-","-","-","-","-"
-,-,480-921-103FAJ-Q01-ND,921-103FAJ-Q01,Honeywell Sensing and Productivity Solutions,SENSOR THERMISTOR NTC,0,0,"Obsolete","0","0","-","*","Obsolete","-","-","-","-","-","-","-","-","-","-","-","-","-"
-,-,480-X211234-HWF-ND,X211234-HWF,Honeywell Sensing and Productivity Solutions,SENSOR THERMISTOR NTC,0,0,"Obsolete","0","0","-","*","Obsolete","-","-","-","-","-","-","-","-","-","-","-","-","-"
-,-,480-HTP-G-ND,HTP-G,Honeywell Sensing and Productivity Solutions,SENSOR THERMISTOR NTC,0,0,"Obsolete","0","0","-","*","Obsolete","-","-","-","-","-","-","-","-","-","-","-","-","-"
-,-,480-HTPTF06B06S-ND,HTPTF06B06S,Honeywell Sensing and Productivity Solutions,SENSOR THERMISTOR NTC,0,0,"Obsolete","0","0","-","*","Obsolete","-","-","-","-","-","-","-","-","-","-","-","-","-"
-,-,480-HTP-CN-ND,HTP-CN,Honeywell Sensing and Productivity Solutions,SENSOR THERMISTOR NTC,0,0,"Obsolete","0","0","-","*","Obsolete","-","-","-","-","-","-","-","-","-","-","-","-","-"
-,-,480-SCTHWA43SDG-ND,SCTHWA43SDG,Honeywell Sensing and Productivity Solutions,SENSOR THERMISTOR NTC,0,0,"Obsolete","0","0","-","*","Obsolete","-","-","-","-","-","-","-","-","-","-","-","-","-"
-,-,480-HTS-F-Z-ND,HTS-F-Z,Honeywell Sensing and Productivity Solutions,SENSOR THERMISTOR NTC,0,0,"Obsolete","0","0","-","*","Obsolete","-","-","-","-","-","-","-","-","-","-","-","-","-"
-,-,480-HTPTT06C18S-ND,HTPTT06C18S,Honeywell Sensing and Productivity Solutions,SENSOR THERMISTOR NTC,0,0,"Obsolete","0","0","-","*","Obsolete","-","-","-","-","-","-","-","-","-","-","-","-","-"
-,-,480-X209311-HWF-ND,X209311-HWF,Honeywell Sensing and Productivity Solutions,SENSOR THERMISTOR NTC,0,0,"Obsolete","0","0","-","*","Obsolete","-","-","-","-","-","-","-","-","-","-","-","-","-"
-,-,480-521-33AG04-303-ND,521-33AG04-303,Honeywell Sensing and Productivity Solutions,SENSOR THERMISTOR NTC,0,0,"Obsolete","0","0","-","*","Obsolete","-","-","-","-","-","-","-","-","-","-","-","-","-"
-,-,480-HTPTF06B18S-ND,HTPTF06B18S,Honeywell Sensing and Productivity Solutions,SENSOR THERMISTOR NTC,0,0,"Obsolete","0","0","-","*","Obsolete","-","-","-","-","-","-","-","-","-","-","-","-","-"
-,-,480-HTPUF06B18S-ND,HTPUF06B18S,Honeywell Sensing and Productivity Solutions,SENSOR THERMISTOR NTC,0,0,"Obsolete","0","0","-","*","Obsolete","-","-","-","-","-","-","-","-","-","-","-","-","-"
-,-,480-X212589-HWF-ND,X212589-HWF,Honeywell Sensing and Productivity Solutions,SENSOR THERMISTOR NTC,0,0,"Obsolete","0","0","-","*","Obsolete","-","-","-","-","-","-","-","-","-","-","-","-","-"
-,-,480-X210327-HTS-ND,X210327-HTS,Honeywell Sensing and Productivity Solutions,SENSOR THERMISTOR NTC,0,0,"Obsolete","0","0","-","*","Obsolete","-","-","-","-","-","-","-","-","-","-","-","-","-"
-,-,480-HTPUT06B06S-ND,HTPUT06B06S,Honeywell Sensing and Productivity Solutions,SENSOR THERMISTOR NTC,0,0,"Obsolete","0","0","-","*","Obsolete","-","-","-","-","-","-","-","-","-","-","-","-","-"
-,-,480-HTP-UHT-ND,HTP-UHT,Honeywell Sensing and Productivity Solutions,SENSOR THERMISTOR NTC,0,0,"Obsolete","0","0","-","*","Obsolete","-","-","-","-","-","-","-","-","-","-","-","-","-"
-,-,480-X210651-HWF-ND,X210651-HWF,Honeywell Sensing and Productivity Solutions,SENSOR THERMISTOR NTC,0,0,"Obsolete","0","0","-","*","Obsolete","-","-","-","-","-","-","-","-","-","-","-","-","-"
-,-,480-HEL-705-U-1-12-00-TH-ND,HEL-705-U-1-12-00-TH,Honeywell Sensing and Productivity Solutions,SENSOR THERMISTOR NTC,0,0,"Obsolete","0","0","-","*","Obsolete","-","-","-","-","-","-","-","-","-","-","-","-","-"
-,-,480-HTSPU06-ND,HTSPU06,Honeywell Sensing and Productivity Solutions,SENSOR THERMISTOR NTC,0,0,"Obsolete","0","0","-","*","Obsolete","-","-","-","-","-","-","-","-","-","-","-","-","-"
-,-,480-HTP-F-ND,HTP-F,Honeywell Sensing and Productivity Solutions,SENSOR THERMISTOR NTC,0,0,"Obsolete","0","0","-","*","Obsolete","-","-","-","-","-","-","-","-","-","-","-","-","-"
-,-,480-HTPUT06B06D-ND,HTPUT06B06D,Honeywell Sensing and Productivity Solutions,SENSOR THERMISTOR NTC,0,0,"Obsolete","0","0","-","*","Obsolete","-","-","-","-","-","-","-","-","-","-","-","-","-"
-,-,480-HTPUT06B18S-ND,HTPUT06B18S,Honeywell Sensing and Productivity Solutions,SENSOR THERMISTOR NTC,0,0,"Obsolete","0","0","-","*","Obsolete","-","-","-","-","-","-","-","-","-","-","-","-","-"
-,-,480-ES120-0004-ND,ES120-0004,Honeywell Sensing and Productivity Solutions,SENSOR THERMISTOR NTC,0,0,"Obsolete","0","0","-","*","Obsolete","-","-","-","-","-","-","-","-","-","-","-","-","-"
-,-,480-HTPTT06C06D-ND,HTPTT06C06D,Honeywell Sensing and Productivity Solutions,SENSOR THERMISTOR NTC,0,0,"Obsolete","0","0","-","*","Obsolete","-","-","-","-","-","-","-","-","-","-","-","-","-"
-,-,480-HTPUF06C18S-ND,HTPUF06C18S,Honeywell Sensing and Productivity Solutions,SENSOR THERMISTOR NTC,0,0,"Obsolete","0","0","-","*","Obsolete","-","-","-","-","-","-","-","-","-","-","-","-","-"
-,-,480-HTS-RT-ND,HTS-RT,Honeywell Sensing and Productivity Solutions,SENSOR THERMISTOR NTC,0,0,"Obsolete","0","0","-","*","Obsolete","-","-","-","-","-","-","-","-","-","-","-","-","-"
-,-,480-HTS-D9-ND,HTS-D9,Honeywell Sensing and Productivity Solutions,SENSOR THERMISTOR NTC,0,0,"Obsolete","0","0","-","*","Obsolete","-","-","-","-","-","-","-","-","-","-","-","-","-"
-,-,480-535-53DF01-104-ND,535-53DF01-104,Honeywell Sensing and Productivity Solutions,SENSOR THERMISTOR NTC,0,0,"Obsolete","0","0","-","*","Obsolete","-","-","-","-","-","-","-","-","-","-","-","-","-"
-,-,480-HTS-PT24-D5-FTF-CN-ND,HTS-PT24-D5-FTF-CN,Honeywell Sensing and Productivity Solutions,SENSOR THERMISTOR NTC,0,0,"Obsolete","0","0","-","*","Obsolete","-","-","-","-","-","-","-","-","-","-","-","-","-"
-,-,480-HTPUT06C18D-ND,HTPUT06C18D,Honeywell Sensing and Productivity Solutions,SENSOR THERMISTOR NTC,0,0,"Obsolete","0","0","-","*","Obsolete","-","-","-","-","-","-","-","-","-","-","-","-","-"
-,-,480-HTS-OS-ND,HTS-OS,Honeywell Sensing and Productivity Solutions,SENSOR THERMISTOR NTC,0,0,"Obsolete","0","0","-","*","Obsolete","-","-","-","-","-","-","-","-","-","-","-","-","-"
-,-,480-HTPTF06C18S-ND,HTPTF06C18S,Honeywell Sensing and Productivity Solutions,SENSOR THERMISTOR NTC,0,0,"Obsolete","0","0","-","*","Obsolete","-","-","-","-","-","-","-","-","-","-","-","-","-"
-,-,480-ES111-0007A-ND,ES111-0007A,Honeywell Sensing and Productivity Solutions,SENSOR THERMISTOR NTC,0,0,"Obsolete","0","0","-","*","Obsolete","-","-","-","-","-","-","-","-","-","-","-","-","-"
-,-,480-HTP-I-ND,HTP-I,Honeywell Sensing and Productivity Solutions,SENSOR THERMISTOR NTC,0,0,"Obsolete","0","0","-","*","Obsolete","-","-","-","-","-","-","-","-","-","-","-","-","-"
-,-,480-6655---90980005-ND,6655---90980005,Honeywell Sensing and Productivity Solutions,SENSOR THERMISTOR NTC,0,0,"Obsolete","0","0","-","*","Obsolete","-","-","-","-","-","-","-","-","-","-","-","-","-"
-,-,480-HTS-OA-ND,HTS-OA,Honeywell Sensing and Productivity Solutions,SENSOR THERMISTOR NTC,0,0,"Obsolete","0","0","-","*","Obsolete","-","-","-","-","-","-","-","-","-","-","-","-","-"
-,-,480-HTP-K-ND,HTP-K,Honeywell Sensing and Productivity Solutions,SENSOR THERMISTOR NTC,0,0,"Obsolete","0","0","-","*","Obsolete","-","-","-","-","-","-","-","-","-","-","-","-","-"
-,-,480-X210809-HWF-ND,X210809-HWF,Honeywell Sensing and Productivity Solutions,SENSOR THERMISTOR NTC,0,0,"Obsolete","0","0","-","*","Obsolete","-","-","-","-","-","-","-","-","-","-","-","-","-"
-,-,480-HTPTF06C06S-ND,HTPTF06C06S,Honeywell Sensing and Productivity Solutions,SENSOR THERMISTOR NTC,0,0,"Obsolete","0","0","-","*","Obsolete","-","-","-","-","-","-","-","-","-","-","-","-","-"
-,-,480-ES111-0005-ND,ES111-0005,Honeywell Sensing and Productivity Solutions,SENSOR THERMISTOR NTC,0,0,"Obsolete","0","0","-","*","Obsolete","-","-","-","-","-","-","-","-","-","-","-","-","-"
-,-,480-X204840-HTS-ND,X204840-HTS,Honeywell Sensing and Productivity Solutions,SENSOR THERMISTOR NTC,0,0,"Obsolete","0","0","-","*","Obsolete","-","-","-","-","-","-","-","-","-","-","-","-","-"
-,-,480-HTS-FT-ND,HTS-FT,Honeywell Sensing and Productivity Solutions,SENSOR THERMISTOR NTC,0,0,"Obsolete","0","0","-","*","Obsolete","-","-","-","-","-","-","-","-","-","-","-","-","-"
-,-,480-X213529-HWF-ND,X213529-HWF,Honeywell Sensing and Productivity Solutions,SENSOR THERMISTOR NTC,0,0,"Obsolete","0","0","-","*","Obsolete","-","-","-","-","-","-","-","-","-","-","-","-","-"
-,-,480-HTSFW24-ND,HTSFW24,Honeywell Sensing and Productivity Solutions,SENSOR THERMISTOR NTC,0,0,"Obsolete","0","0","-","*","Obsolete","-","-","-","-","-","-","-","-","-","-","-","-","-"
-,-,480-X211828-HWF-ND,X211828-HWF,Honeywell Sensing and Productivity Solutions,SENSOR THERMISTOR NTC,0,0,"Obsolete","0","0","-","*","Obsolete","-","-","-","-","-","-","-","-","-","-","-","-","-"
-,-,480-SCN-2453SC-ND,SCN-2453SC,Honeywell Sensing and Productivity Solutions,SENSOR THERMISTOR NTC,0,0,"Obsolete","0","0","-","*","Obsolete","-","-","-","-","-","-","-","-","-","-","-","-","-"
-,-,480-ES111-0001-ND,ES111-0001,Honeywell Sensing and Productivity Solutions,SENSOR THERMISTOR NTC,0,0,"Obsolete","0","0","-","*","Obsolete","-","-","-","-","-","-","-","-","-","-","-","-","-"
-,-,480-118-253FAJ-P01-ND,118-253FAJ-P01,Honeywell Sensing and Productivity Solutions,SENSOR THERMISTOR NTC,0,0,"Obsolete","0","0","-","*","Obsolete","-","-","-","-","-","-","-","-","-","-","-","-","-"
-,-,480-HTSFU12-ND,HTSFU12,Honeywell Sensing and Productivity Solutions,SENSOR THERMISTOR NTC,0,0,"Obsolete","0","0","-","*","Obsolete","-","-","-","-","-","-","-","-","-","-","-","-","-"
-,-,480-HTP-UFZ-ND,HTP-UFZ,Honeywell Sensing and Productivity Solutions,SENSOR THERMISTOR NTC,0,0,"Obsolete","0","0","-","*","Obsolete","-","-","-","-","-","-","-","-","-","-","-","-","-"
-,-,480-X208619-HWF-ND,X208619-HWF,Honeywell Sensing and Productivity Solutions,SENSOR THERMISTOR NTC,0,0,"Obsolete","0","0","-","*","Obsolete","-","-","-","-","-","-","-","-","-","-","-","-","-"
-,-,480-HTP-UFT-ND,HTP-UFT,Honeywell Sensing and Productivity Solutions,SENSOR THERMISTOR NTC,0,0,"Obsolete","0","0","-","*","Obsolete","-","-","-","-","-","-","-","-","-","-","-","-","-"
-,-,480-ES120-0023-ND,ES120-0023,Honeywell Sensing and Productivity Solutions,SENSOR THERMISTOR NTC,0,0,"Obsolete","0","0","-","*","Obsolete","-","-","-","-","-","-","-","-","-","-","-","-","-"
-,-,480-X207783-HWF-ND,X207783-HWF,Honeywell Sensing and Productivity Solutions,SENSOR THERMISTOR NTC,0,0,"Obsolete","0","0","-","*","Obsolete","-","-","-","-","-","-","-","-","-","-","-","-","-"
-,-,480-X207637-HWF-ND,X207637-HWF,Honeywell Sensing and Productivity Solutions,SENSOR THERMISTOR NTC,0,0,"Obsolete","0","0","-","*","Obsolete","-","-","-","-","-","-","-","-","-","-","-","-","-"
-,-,480-X211747-HWF-ND,X211747-HWF,Honeywell Sensing and Productivity Solutions,SENSOR THERMISTOR NTC,0,0,"Obsolete","0","0","-","*","Obsolete","-","-","-","-","-","-","-","-","-","-","-","-","-"
-,-,480-X210164-HWF-ND,X210164-HWF,Honeywell Sensing and Productivity Solutions,SENSOR THERMISTOR NTC,0,0,"Obsolete","0","0","-","*","Obsolete","-","-","-","-","-","-","-","-","-","-","-","-","-"
-,-,480-X210787-HTS-ND,X210787-HTS,Honeywell Sensing and Productivity Solutions,SENSOR THERMISTOR NTC,0,0,"Obsolete","0","0","-","*","Obsolete","-","-","-","-","-","-","-","-","-","-","-","-","-"
-,-,480-X211225-HWF-ND,X211225-HWF,Honeywell Sensing and Productivity Solutions,SENSOR THERMISTOR NTC,0,0,"Obsolete","0","0","-","*","Obsolete","-","-","-","-","-","-","-","-","-","-","-","-","-"
-,-,480-HTSPT06-ND,HTSPT06,Honeywell Sensing and Productivity Solutions,SENSOR THERMISTOR NTC,0,0,"Obsolete","0","0","-","*","Obsolete","-","-","-","-","-","-","-","-","-","-","-","-","-"
-,-,480-X212572-CAT-ND,X212572-CAT,Honeywell Sensing and Productivity Solutions,SENSOR THERMISTOR NTC,0,0,"Obsolete","0","0","-","*","Obsolete","-","-","-","-","-","-","-","-","-","-","-","-","-"
-,-,480-X212446-HUG-ND,X212446-HUG,Honeywell Sensing and Productivity Solutions,SENSOR THERMISTOR NTC,0,0,"Obsolete","0","0","-","*","Obsolete","-","-","-","-","-","-","-","-","-","-","-","-","-"
-,-,480-ES120-0001-ND,ES120-0001,Honeywell Sensing and Productivity Solutions,SENSOR THERMISTOR NTC,0,0,"Obsolete","0","0","-","*","Obsolete","-","-","-","-","-","-","-","-","-","-","-","-","-"
-,-,480-HTSFT-12-ND,HTSFT-12,Honeywell Sensing and Productivity Solutions,SENSOR THERMISTOR NTC,0,0,"Obsolete","0","0","-","*","Obsolete","-","-","-","-","-","-","-","-","-","-","-","-","-"
-,-,480-X211117-HWD-ND,X211117-HWD,Honeywell Sensing and Productivity Solutions,SENSOR THERMISTOR NTC,0,0,"Obsolete","0","0","-","*","Obsolete","-","-","-","-","-","-","-","-","-","-","-","-","-"
-,-,480-HEL-775-A-U-1-ND,HEL-775-A-U-1,Honeywell Sensing and Productivity Solutions,SENSOR THERMISTOR NTC,0,0,"Obsolete","0","0","-","*","Obsolete","-","-","-","-","-","-","-","-","-","-","-","-","-"
-,-,480-HTP-UKZ-ND,HTP-UKZ,Honeywell Sensing and Productivity Solutions,SENSOR THERMISTOR NTC,0,0,"Obsolete","0","0","-","*","Obsolete","-","-","-","-","-","-","-","-","-","-","-","-","-"
-,-,480-ES110-0015-ND,ES110-0015,Honeywell Sensing and Productivity Solutions,SENSOR THERMISTOR NTC,0,0,"Obsolete","0","0","-","*","Obsolete","-","-","-","-","-","-","-","-","-","-","-","-","-"
-,-,480-X212571-CAT-ND,X212571-CAT,Honeywell Sensing and Productivity Solutions,SENSOR THERMISTOR NTC,0,0,"Obsolete","0","0","-","*","Obsolete","-","-","-","-","-","-","-","-","-","-","-","-","-"
-,-,480-HTPTF06B06D-ND,HTPTF06B06D,Honeywell Sensing and Productivity Solutions,SENSOR THERMISTOR NTC,0,0,"Obsolete","0","0","-","*","Obsolete","-","-","-","-","-","-","-","-","-","-","-","-","-"
-,-,480-X211650-HWF-ND,X211650-HWF,Honeywell Sensing and Productivity Solutions,SENSOR THERMISTOR NTC,0,0,"Obsolete","0","0","-","*","Obsolete","-","-","-","-","-","-","-","-","-","-","-","-","-"
-,-,480-HTS-WM-ND,HTS-WM,Honeywell Sensing and Productivity Solutions,SENSOR THERMISTOR NTC,0,0,"Obsolete","0","0","-","*","Obsolete","-","-","-","-","-","-","-","-","-","-","-","-","-"
-,-,480-X209198-HWF-ND,X209198-HWF,Honeywell Sensing and Productivity Solutions,SENSOR THERMISTOR NTC,0,0,"Obsolete","0","0","-","*","Obsolete","-","-","-","-","-","-","-","-","-","-","-","-","-"
-,-,480-960045-ND,96 0045,Honeywell Sensing and Productivity Solutions,SENSOR THERMISTOR NTC,0,0,"Obsolete","0","0","-","*","Obsolete","-","-","-","-","-","-","-","-","-","-","-","-","-"
-,-,480-590-59CN02-103-ND,590-59CN02-103,Honeywell Sensing and Productivity Solutions,SENSOR THERMISTOR NTC,0,0,"Obsolete","0","0","-","*","Obsolete","-","-","-","-","-","-","-","-","-","-","-","-","-"
-,-,480-HTPUT06C06D-ND,HTPUT06C06D,Honeywell Sensing and Productivity Solutions,SENSOR THERMISTOR NTC,0,0,"Obsolete","0","0","-","*","Obsolete","-","-","-","-","-","-","-","-","-","-","-","-","-"
-,-,480-145-502LET-A01-ND,145-502LET-A01,Honeywell Sensing and Productivity Solutions,SENSOR THERMISTOR NTC,0,0,"Obsolete","0","0","-","*","Obsolete","-","-","-","-","-","-","-","-","-","-","-","-","-"
-,-,480-926-153YLS-B01-ND,926-153YLS-B01,Honeywell Sensing and Productivity Solutions,SENSOR THERMISTOR NTC,0,0,"Obsolete","0","0","-","*","Obsolete","-","-","-","-","-","-","-","-","-","-","-","-","-"
-,-,480-X208940-HWF-ND,X208940-HWF,Honeywell Sensing and Productivity Solutions,SENSOR THERMISTOR NTC,0,0,"Obsolete","0","0","-","*","Obsolete","-","-","-","-","-","-","-","-","-","-","-","-","-"
-,-,480-140-502LAG-A01-ND,140-502LAG-A01,Honeywell Sensing and Productivity Solutions,SENSOR THERMISTOR NTC,0,0,"Obsolete","0","0","-","*","Obsolete","-","-","-","-","-","-","-","-","-","-","-","-","-"
-,-,480-HTP-UIT-ND,HTP-UIT,Honeywell Sensing and Productivity Solutions,SENSOR THERMISTOR NTC,0,0,"Obsolete","0","0","-","*","Obsolete","-","-","-","-","-","-","-","-","-","-","-","-","-"
-,-,480-X208294-HWF-ND,X208294-HWF,Honeywell Sensing and Productivity Solutions,SENSOR THERMISTOR NTC,0,0,"Obsolete","0","0","-","*","Obsolete","-","-","-","-","-","-","-","-","-","-","-","-","-"
-,-,480-HTPTT06B06S-ND,HTPTT06B06S,Honeywell Sensing and Productivity Solutions,SENSOR THERMISTOR NTC,0,0,"Obsolete","0","0","-","*","Obsolete","-","-","-","-","-","-","-","-","-","-","-","-","-"
-,-,480-HTP-J-ND,HTP-J,Honeywell Sensing and Productivity Solutions,SENSOR THERMISTOR NTC,0,0,"Obsolete","0","0","-","*","Obsolete","-","-","-","-","-","-","-","-","-","-","-","-","-"
-,-,480-X212233-HWF-ND,X212233-HWF,Honeywell Sensing and Productivity Solutions,SENSOR THERMISTOR NTC,0,0,"Obsolete","0","0","-","*","Obsolete","-","-","-","-","-","-","-","-","-","-","-","-","-"
-,-,480-HTP-UHZ-ND,HTP-UHZ,Honeywell Sensing and Productivity Solutions,SENSOR THERMISTOR NTC,0,0,"Obsolete","0","0","-","*","Obsolete","-","-","-","-","-","-","-","-","-","-","-","-","-"
-,-,480-T200-C17-U06-C-ND,T200-C17-U06-C,Honeywell Sensing and Productivity Solutions,SENSOR THERMISTOR NTC,0,0,"Obsolete","0","0","-","*","Obsolete","-","-","-","-","-","-","-","-","-","-","-","-","-"
-,-,480-X210906-HWF-ND,X210906-HWF,Honeywell Sensing and Productivity Solutions,SENSOR THERMISTOR NTC,0,0,"Obsolete","0","0","-","*","Obsolete","-","-","-","-","-","-","-","-","-","-","-","-","-"
-,-,480-X207744-HWF-ND,X207744-HWF,Honeywell Sensing and Productivity Solutions,SENSOR THERMISTOR NTC,0,0,"Obsolete","0","0","-","*","Obsolete","-","-","-","-","-","-","-","-","-","-","-","-","-"
-,-,480-X208447-HWF-ND,X208447-HWF,Honeywell Sensing and Productivity Solutions,SENSOR THERMISTOR NTC,0,0,"Obsolete","0","0","-","*","Obsolete","-","-","-","-","-","-","-","-","-","-","-","-","-"
-,-,480-HTP-UGZ-ND,HTP-UGZ,Honeywell Sensing and Productivity Solutions,SENSOR THERMISTOR NTC,0,0,"Obsolete","0","0","-","*","Obsolete","-","-","-","-","-","-","-","-","-","-","-","-","-"
-,-,480-X209245-HWF-ND,X209245-HWF,Honeywell Sensing and Productivity Solutions,SENSOR THERMISTOR NTC,0,0,"Obsolete","0","0","-","*","Obsolete","-","-","-","-","-","-","-","-","-","-","-","-","-"
-,-,480-X208257-HWF-ND,X208257-HWF,Honeywell Sensing and Productivity Solutions,SENSOR THERMISTOR NTC,0,0,"Obsolete","0","0","-","*","Obsolete","-","-","-","-","-","-","-","-","-","-","-","-","-"
-,-,480-X209170-HWF-ND,X209170-HWF,Honeywell Sensing and Productivity Solutions,SENSOR THERMISTOR NTC,0,0,"Obsolete","0","0","-","*","Obsolete","-","-","-","-","-","-","-","-","-","-","-","-","-"
-,-,480-X211383-HWF01-ND,X211383-HWF01,Honeywell Sensing and Productivity Solutions,SENSOR THERMISTOR NTC,0,0,"Obsolete","0","0","-","*","Obsolete","-","-","-","-","-","-","-","-","-","-","-","-","-"
-,-,480-590-39CG02-103-ND,590-39CG02-103,Honeywell Sensing and Productivity Solutions,SENSOR THERMISTOR NTC,0,0,"Obsolete","0","0","-","*","Obsolete","-","-","-","-","-","-","-","-","-","-","-","-","-"
-,-,480-HTP-UGT-ND,HTP-UGT,Honeywell Sensing and Productivity Solutions,SENSOR THERMISTOR NTC,0,0,"Obsolete","0","0","-","*","Obsolete","-","-","-","-","-","-","-","-","-","-","-","-","-"
-,-,480-HTS-MH-ND,HTS-MH,Honeywell Sensing and Productivity Solutions,SENSOR THERMISTOR NTC,0,0,"Obsolete","0","0","-","*","Obsolete","-","-","-","-","-","-","-","-","-","-","-","-","-"
-,-,480-X213513-HWF-ND,X213513-HWF,Honeywell Sensing and Productivity Solutions,SENSOR THERMISTOR NTC,0,0,"Obsolete","0","0","-","*","Obsolete","-","-","-","-","-","-","-","-","-","-","-","-","-"
-,-,480-HTP-24SE-ND,HTP-24SE,Honeywell Sensing and Productivity Solutions,SENSOR THERMISTOR NTC,0,0,"Obsolete","0","0","-","*","Obsolete","-","-","-","-","-","-","-","-","-","-","-","-","-"
-,-,480-HTPTT06B18D-ND,HTPTT06B18D,Honeywell Sensing and Productivity Solutions,SENSOR THERMISTOR NTC,0,0,"Obsolete","0","0","-","*","Obsolete","-","-","-","-","-","-","-","-","-","-","-","-","-"
-,-,480-HTP-CM-ND,HTP-CM,Honeywell Sensing and Productivity Solutions,SENSOR THERMISTOR NTC,0,0,"Obsolete","0","0","-","*","Obsolete","-","-","-","-","-","-","-","-","-","-","-","-","-"
-,-,480-X213748-HTS-ND,X213748-HTS,Honeywell Sensing and Productivity Solutions,SENSOR THERMISTOR NTC,0,0,"Obsolete","0","0","-","*","Obsolete","-","-","-","-","-","-","-","-","-","-","-","-","-"
-,-,480-HTPUF06C06D-ND,HTPUF06C06D,Honeywell Sensing and Productivity Solutions,SENSOR THERMISTOR NTC,0,0,"Obsolete","0","0","-","*","Obsolete","-","-","-","-","-","-","-","-","-","-","-","-","-"
-,-,480-HTPTT06C06S-ND,HTPTT06C06S,Honeywell Sensing and Productivity Solutions,SENSOR THERMISTOR NTC,0,0,"Obsolete","0","0","-","*","Obsolete","-","-","-","-","-","-","-","-","-","-","-","-","-"
-,-,480-ES120-0036-ND,ES120-0036,Honeywell Sensing and Productivity Solutions,SENSOR THERMISTOR NTC,0,0,"Obsolete","0","0","-","*","Obsolete","-","-","-","-","-","-","-","-","-","-","-","-","-"
-,-,480-HTSFU24-ND,HTSFU24,Honeywell Sensing and Productivity Solutions,SENSOR THERMISTOR NTC,0,0,"Obsolete","0","0","-","*","Obsolete","-","-","-","-","-","-","-","-","-","-","-","-","-"
-,-,480-X207397-HTS-ND,X207397-HTS,Honeywell Sensing and Productivity Solutions,SENSOR THERMISTOR NTC,0,0,"Obsolete","0","0","-","*","Obsolete","-","-","-","-","-","-","-","-","-","-","-","-","-"
-,-,480-HEL-775-B-U-0-ND,HEL-775-B-U-0,Honeywell Sensing and Productivity Solutions,SENSOR THERMISTOR NTC,0,0,"Obsolete","0","0","-","*","Obsolete","-","-","-","-","-","-","-","-","-","-","-","-","-"
-,-,480-X213894-HWF-ND,X213894-HWF,Honeywell Sensing and Productivity Solutions,SENSOR THERMISTOR NTC,0,0,"Obsolete","0","0","-","*","Obsolete","-","-","-","-","-","-","-","-","-","-","-","-","-"
-,-,480-HTSPU00-ND,HTSPU00,Honeywell Sensing and Productivity Solutions,SENSOR THERMISTOR NTC,0,0,"Obsolete","0","0","-","*","Obsolete","-","-","-","-","-","-","-","-","-","-","-","-","-"
-,-,480-ES120-0025-ND,ES120-0025,Honeywell Sensing and Productivity Solutions,SENSOR THERMISTOR NTC,0,0,"Obsolete","0","0","-","*","Obsolete","-","-","-","-","-","-","-","-","-","-","-","-","-"
-,-,480-HTSP-FT-ND,HTSP-FT,Honeywell Sensing and Productivity Solutions,SENSOR THERMISTOR NTC,0,0,"Obsolete","0","0","-","*","Obsolete","-","-","-","-","-","-","-","-","-","-","-","-","-"
-,-,480-703-101BBB-A00-ND,703-101BBB-A00,Honeywell Sensing and Productivity Solutions,SENSOR THERMISTOR NTC,0,0,"Obsolete","0","0","-","*","Obsolete","-","-","-","-","-","-","-","-","-","-","-","-","-"
-,-,480-ES110-0018-ND,ES110-0018,Honeywell Sensing and Productivity Solutions,SENSOR THERMISTOR NTC,0,0,"Obsolete","0","0","-","*","Obsolete","-","-","-","-","-","-","-","-","-","-","-","-","-"
-,-,480-6655---71990001-ND,6655---71990001,Honeywell Sensing and Productivity Solutions,SENSOR THERMISTOR NTC,0,0,"Obsolete","0","0","-","*","Obsolete","-","-","-","-","-","-","-","-","-","-","-","-","-"
-,-,480-HTP-CS-ND,HTP-CS,Honeywell Sensing and Productivity Solutions,SENSOR THERMISTOR NTC,0,0,"Obsolete","0","0","-","*","Obsolete","-","-","-","-","-","-","-","-","-","-","-","-","-"
-,-,480-X208941-HWF-ND,X208941-HWF,Honeywell Sensing and Productivity Solutions,SENSOR THERMISTOR NTC,0,0,"Obsolete","0","0","-","*","Obsolete","-","-","-","-","-","-","-","-","-","-","-","-","-"
-,-,480-ES120-0018-ND,ES120-0018,Honeywell Sensing and Productivity Solutions,SENSOR THERMISTOR NTC,0,0,"Obsolete","0","0","-","*","Obsolete","-","-","-","-","-","-","-","-","-","-","-","-","-"
-,-,480-HTPTT06B18S-ND,HTPTT06B18S,Honeywell Sensing and Productivity Solutions,SENSOR THERMISTOR NTC,0,0,"Obsolete","0","0","-","*","Obsolete","-","-","-","-","-","-","-","-","-","-","-","-","-"
-,-,480-HTPTT06C18D-ND,HTPTT06C18D,Honeywell Sensing and Productivity Solutions,SENSOR THERMISTOR NTC,0,0,"Obsolete","0","0","-","*","Obsolete","-","-","-","-","-","-","-","-","-","-","-","-","-"
-,-,480-SCTHWA43SDS-ND,SCTHWA43SDS,Honeywell Sensing and Productivity Solutions,SENSOR THERMISTOR NTC,0,0,"Obsolete","0","0","-","*","Obsolete","-","-","-","-","-","-","-","-","-","-","-","-","-"
-,-,480-HTSP-TT-ND,HTSP-TT,Honeywell Sensing and Productivity Solutions,SENSOR THERMISTOR NTC,0,0,"Obsolete","0","0","-","*","Obsolete","-","-","-","-","-","-","-","-","-","-","-","-","-"
-,-,480-HTP-UIZ-ND,HTP-UIZ,Honeywell Sensing and Productivity Solutions,SENSOR THERMISTOR NTC,0,0,"Obsolete","0","0","-","*","Obsolete","-","-","-","-","-","-","-","-","-","-","-","-","-"
-,-,480-X211019-HWD-ND,X211019-HWD,Honeywell Sensing and Productivity Solutions,SENSOR THERMISTOR NTC,0,0,"Obsolete","0","0","-","*","Obsolete","-","-","-","-","-","-","-","-","-","-","-","-","-"
-,-,480-HTS-O4-ND,HTS-O4,Honeywell Sensing and Productivity Solutions,SENSOR THERMISTOR NTC,0,0,"Obsolete","0","0","-","*","Obsolete","-","-","-","-","-","-","-","-","-","-","-","-","-"
-,-,480-HTPUF06C06S-ND,HTPUF06C06S,Honeywell Sensing and Productivity Solutions,SENSOR THERMISTOR NTC,0,0,"Obsolete","0","0","-","*","Obsolete","-","-","-","-","-","-","-","-","-","-","-","-","-"
-,-,480-HTPUF06B06S-ND,HTPUF06B06S,Honeywell Sensing and Productivity Solutions,SENSOR THERMISTOR NTC,0,0,"Obsolete","0","0","-","*","Obsolete","-","-","-","-","-","-","-","-","-","-","-","-","-"
-,-,480-50051843-001-ND,50051843-001,Honeywell Sensing and Productivity Solutions,SENSOR THERMISTOR NTC,0,0,"Obsolete","0","0","-","*","Obsolete","-","-","-","-","-","-","-","-","-","-","-","-","-"
-,-,480-HTP-UCT-ND,HTP-UCT,Honeywell Sensing and Productivity Solutions,SENSOR THERMISTOR NTC,0,0,"Obsolete","0","0","-","*","Obsolete","-","-","-","-","-","-","-","-","-","-","-","-","-"
-,-,480-X212574-CAT-ND,X212574-CAT,Honeywell Sensing and Productivity Solutions,SENSOR THERMISTOR NTC,0,0,"Obsolete","0","0","-","*","Obsolete","-","-","-","-","-","-","-","-","-","-","-","-","-"
-,-,480-ES120-0010-ND,ES120-0010,Honeywell Sensing and Productivity Solutions,SENSOR THERMISTOR NTC,0,0,"Obsolete","0","0","-","*","Obsolete","-","-","-","-","-","-","-","-","-","-","-","-","-"
-,-,480-HTPUF06C18D-ND,HTPUF06C18D,Honeywell Sensing and Productivity Solutions,SENSOR THERMISTOR NTC,0,0,"Obsolete","0","0","-","*","Obsolete","-","-","-","-","-","-","-","-","-","-","-","-","-"
-,-,541-07C1003FF-ND,07C1003FF,Vishay Dale,THERMISTOR NTC,0,0,"Obsolete","0","500","-","*","Obsolete","-","-","-","-","-","-","-","-","-","-","-","-","-"
-,-,541-07C1003SFA3-ND,07C1003SFA3,Vishay Dale,THERMISTOR NTC,0,0,"Obsolete","0","500","-","*","Obsolete","-","-","-","-","-","-","-","-","-","-","-","-","-"
-,-,541-07C3002JF-ND,07C3002JF,Vishay Dale,THERMISTOR NTC,0,0,"Obsolete","0","500","-","*","Obsolete","-","-","-","-","-","-","-","-","-","-","-","-","-"
-,-,541-07W1003KP-ND,07W1003KP,Vishay Dale,THERMISTOR NTC,0,0,"Obsolete","0","0","-","*","Obsolete","-","-","-","-","-","-","-","-","-","-","-","-","-"
-,-,541-07C2002FP-ND,07C2002FP,Vishay Dale,THERMISTOR NTC,0,0,"Obsolete","0","0","-","*","Obsolete","-","-","-","-","-","-","-","-","-","-","-","-","-"
-,-,541-07T2203JF-ND,07T2203JF,Vishay Dale,THERMISTOR NTC,0,0,"Obsolete","0","0","-","*","Obsolete","-","-","-","-","-","-","-","-","-","-","-","-","-"
-,-,541-07M1003JP-ND,07M1003JP,Vishay Dale,THERMISTOR NTC,0,0,"Obsolete","0","0","-","*","Obsolete","-","-","-","-","-","-","-","-","-","-","-","-","-"
-,-,541-07W5002JP-ND,07W5002JP,Vishay Dale,THERMISTOR NTC,0,0,"Obsolete","0","0","-","*","Obsolete","-","-","-","-","-","-","-","-","-","-","-","-","-"
-,-,541-07C3002FP-ND,07C3002FP,Vishay Dale,THERMISTOR NTC,0,0,"Obsolete","0","0","-","*","Obsolete","-","-","-","-","-","-","-","-","-","-","-","-","-"
-,-,541-07W5002JF-ND,07W5002JF,Vishay Dale,THERMISTOR NTC,0,0,"Obsolete","0","0","-","*","Obsolete","-","-","-","-","-","-","-","-","-","-","-","-","-"
-,-,541-07C5002JP-ND,07C5002JP,Vishay Dale,THERMISTOR NTC,0,0,"Obsolete","0","0","-","*","Obsolete","-","-","-","-","-","-","-","-","-","-","-","-","-"
-,-,541-07M1003FF-ND,07M1003FF,Vishay Dale,THERMISTOR NTC,0,0,"Obsolete","0","0","-","*","Obsolete","-","-","-","-","-","-","-","-","-","-","-","-","-"
-,-,541-07M1003KP-ND,07M1003KP,Vishay Dale,THERMISTOR NTC,0,0,"Obsolete","0","0","-","*","Obsolete","-","-","-","-","-","-","-","-","-","-","-","-","-"
-,-,541-07C1003FP-ND,07C1003FP,Vishay Dale,THERMISTOR NTC,0,0,"Obsolete","0","0","-","*","Obsolete","-","-","-","-","-","-","-","-","-","-","-","-","-"
-,-,541-T07N125F-ND,T07N125F,Vishay Dale,THERMISTOR NTC,0,0,"Obsolete","0","0","-","*","Obsolete","-","-","-","-","-","-","-","-","-","-","-","-","-"
-,-,541-07C5002FP-ND,07C5002FP,Vishay Dale,THERMISTOR NTC,0,0,"Obsolete","0","0","-","*","Obsolete","-","-","-","-","-","-","-","-","-","-","-","-","-"
-,-,541-07C3002JP-ND,07C3002JP,Vishay Dale,THERMISTOR NTC,0,0,"Obsolete","0","0","-","*","Obsolete","-","-","-","-","-","-","-","-","-","-","-","-","-"
-,-,541-07M1503FP-ND,07M1503FP,Vishay Dale,THERMISTOR NTC,0,0,"Obsolete","0","0","-","*","Obsolete","-","-","-","-","-","-","-","-","-","-","-","-","-"
-,-,541-07B1003FF-ND,07B1003FF,Vishay Dale,THERMISTOR NTC,0,0,"Obsolete","0","0","-","*","Obsolete","-","-","-","-","-","-","-","-","-","-","-","-","-"
-,-,541-07M1003FP-ND,07M1003FP,Vishay Dale,THERMISTOR NTC,0,0,"Obsolete","0","0","-","*","Obsolete","-","-","-","-","-","-","-","-","-","-","-","-","-"
-,-,541-07M2003JP-ND,07M2003JP,Vishay Dale,THERMISTOR NTC,0,0,"Obsolete","0","0","-","*","Obsolete","-","-","-","-","-","-","-","-","-","-","-","-","-"
-,-,541-07C1003JP-ND,07C1003JP,Vishay Dale,THERMISTOR NTC,0,0,"Obsolete","0","0","-","*","Obsolete","-","-","-","-","-","-","-","-","-","-","-","-","-"
-,-,541-07M2003FP-ND,07M2003FP,Vishay Dale,THERMISTOR NTC,0,0,"Obsolete","0","0","-","*","Obsolete","-","-","-","-","-","-","-","-","-","-","-","-","-"
-,-,541-C07N405P-ND,C07N405P,Vishay Dale,THERMISTOR NTC,0,0,"Obsolete","0","0","-","*","Obsolete","-","-","-","-","-","-","-","-","-","-","-","-","-"
-,-,541-07W1003JF-ND,07W1003JF,Vishay Dale,THERMISTOR NTC,0,0,"Obsolete","0","0","-","*","Obsolete","-","-","-","-","-","-","-","-","-","-","-","-","-"
-,-,495-B57541G1502G000-ND,B57541G1502G000,TDK Electronics Inc.,THERMISTOR NTC 5KOHM BEAD,0,0,"Active","0","0","-","B57541G1","Active","5k","±2%","±1%","-","-","-","3483K","3497K","-55°C ~ 250°C","18mW","0.85"" (21.50mm)","Through Hole","Bead, Glass"
-,-,495-B57560G1202F000-ND,B57560G1202F000,TDK Electronics Inc.,THERMISTOR NTC 2KOHM BEAD,0,0,"Active","0","0","-","B57560G1","Active","2k","±1%","±1%","-","-","-","3405K","3420K","-55°C ~ 300°C","50mW","-","Through Hole","Bead, Glass"
-,-,495-B57541G1502F000-ND,B57541G1502F000,TDK Electronics Inc.,THERMISTOR NTC 5KOHM BEAD,0,0,"Active","0","0","-","B57541G1","Active","5k","±1%","±1%","-","-","-","3483K","3497K","-55°C ~ 250°C","18mW","0.85"" (21.50mm)","Through Hole","Bead, Glass"
-,-,495-B57550G1503F000-ND,B57550G1503F000,TDK Electronics Inc.,THERMISTOR NTC 50KOHM BEAD,0,0,"Active","0","0","-","B57550G1","Active","50k","±1%","±1%","-","-","-","3992K","4006K","-55°C ~ 300°C","32mW","2.80"" (71.00mm)","Through Hole","Bead, Glass"
-,-,495-B57540G1502H000-ND,B57540G1502H000,TDK Electronics Inc.,THERMISTOR NTC 5KOHM BEAD,0,0,"Active","0","0","-","B57540G1","Active","5k","±3%","±1%","-","-","-","3483K","3497K","-55°C ~ 250°C","18mW","2.56"" (65.00mm)","Through Hole","Bead, Glass"
-,-,495-B57541G1502H000-ND,B57541G1502H000,TDK Electronics Inc.,THERMISTOR NTC 5KOHM BEAD,0,0,"Active","0","0","-","B57541G1","Active","5k","±3%","±1%","-","-","-","3483K","3497K","-55°C ~ 250°C","18mW","0.85"" (21.50mm)","Through Hole","Bead, Glass"
-,-,495-B57550G1502H000-ND,B57550G1502H000,TDK Electronics Inc.,THERMISTOR NTC 5KOHM BEAD,0,0,"Active","0","0","-","B57550G1","Active","5k","±3%","±1%","-","-","-","3483K","3497K","-55°C ~ 300°C","32mW","2.80"" (71.00mm)","Through Hole","Bead, Glass"
-,-,495-B57551G1502F000-ND,B57551G1502F000,TDK Electronics Inc.,THERMISTOR NTC 5KOHM BEAD,0,0,"Active","0","0","-","B57551G1","Active","5k","±1%","±1%","-","-","-","3483K","3497K","-55°C ~ 260°C","32mW","2.65"" (67.30mm)","Through Hole","Bead, Glass"
-,-,495-B57540G1502F002-ND,B57540G1502F002,TDK Electronics Inc.,THERMISTOR NTC 5KOHM BEAD,0,0,"Active","0","0","-","B57540G1","Active","5k","±1%","±1%","-","-","-","3483K","3497K","-55°C ~ 250°C","18mW","2.56"" (65.00mm)","Through Hole","Bead, Glass"
-,-,495-B57550G1502F002-ND,B57550G1502F002,TDK Electronics Inc.,THERMISTOR NTC 5KOHM BEAD,0,0,"Active","0","0","-","B57550G1","Active","5k","±1%","±1%","-","-","-","3483K","3497K","-55°C ~ 300°C","32mW","2.80"" (71.00mm)","Through Hole","Bead, Glass"
-,-,495-B57551G1502H000-ND,B57551G1502H000,TDK Electronics Inc.,THERMISTOR NTC 5KOHM BEAD,0,0,"Active","0","0","-","B57551G1","Active","5k","±3%","±1%","-","-","-","3483K","3497K","-55°C ~ 260°C","32mW","2.65"" (67.30mm)","Through Hole","Bead, Glass"
-,-,495-B57561G1202H000-ND,B57561G1202H000,TDK Electronics Inc.,THERMISTOR NTC 2KOHM BEAD,0,0,"Active","0","0","-","B57561G1","Active","2k","±3%","±1%","-","-","-","3405K","3420K","-55°C ~ 260°C","50mW","2.53"" (64.20mm)","Through Hole","Bead, Glass"
-,-,495-B57540G1502F000-ND,B57540G1502F000,TDK Electronics Inc.,THERMISTOR NTC 5KOHM BEAD,0,0,"Active","0","0","-","B57540G1","Active","5k","±1%","±1%","-","-","-","3483K","3497K","-55°C ~ 250°C","18mW","2.56"" (65.00mm)","Through Hole","Bead, Glass"
-,-,495-B57550G1503H000-ND,B57550G1503H000,TDK Electronics Inc.,THERMISTOR NTC 50KOHM BEAD,0,0,"Active","0","0","-","B57550G1","Active","50k","±3%","±1%","-","-","-","3992K","4006K","-55°C ~ 300°C","32mW","2.80"" (71.00mm)","Through Hole","Bead, Glass"
-,-,495-B57551G1202H000-ND,B57551G1202H000,TDK Electronics Inc.,THERMISTOR NTC 2KOHM BEAD,0,0,"Active","0","0","-","B57551G1","Active","2k","±3%","±1%","-","-","-","3460K","3420K","-55°C ~ 260°C","32mW","2.65"" (67.30mm)","Through Hole","Bead, Glass"
-,-,495-B57550G1202H000-ND,B57550G1202H000,TDK Electronics Inc.,THERMISTOR NTC 2KOHM BEAD,0,0,"Active","0","0","-","B57550G1","Active","2k","±3%","±1%","-","-","-","3406K","3420K","-55°C ~ 300°C","32mW","2.80"" (71.00mm)","Through Hole","Bead, Glass"
-,-,495-B57561G1502G000-ND,B57561G1502G000,TDK Electronics Inc.,THERMISTOR NTC 2KOHM BEAD,0,0,"Active","0","0","-","B57561G1","Active","5k","±2%","±1%","-","-","-","3483K","3497K","-55°C ~ 260°C","50mW","2.53"" (64.20mm)","Through Hole","Bead, Glass"
-,-,495-B57560G1202H000-ND,B57560G1202H000,TDK Electronics Inc.,THERMISTOR NTC 2KOHM BEAD,0,0,"Active","0","0","-","B57560G1","Active","2k","±3%","±1%","-","-","-","3405K","3420K","-55°C ~ 300°C","50mW","-","Through Hole","Bead, Glass"
-,-,495-B57561G1202G000-ND,B57561G1202G000,TDK Electronics Inc.,THERMISTOR NTC 2KOHM BEAD,0,0,"Active","0","0","-","B57561G1","Active","2k","±2%","±1%","-","-","-","3405K","3420K","-55°C ~ 260°C","50mW","2.53"" (64.20mm)","Through Hole","Bead, Glass"
-,-,495-B57550G1502F000-ND,B57550G1502F000,TDK Electronics Inc.,THERMISTOR NTC 5KOHM BEAD,0,0,"Active","0","0","-","B57550G1","Active","5k","±1%","±1%","-","-","-","3483K","3497K","-55°C ~ 300°C","32mW","2.80"" (71.00mm)","Through Hole","Bead, Glass"
-,-,495-B57551G1202G000-ND,B57551G1202G000,TDK Electronics Inc.,THERMISTOR NTC 2KOHM BEAD,0,0,"Active","0","0","-","B57551G1","Active","2k","±2%","±1%","-","-","-","3460K","3420K","-55°C ~ 260°C","32mW","2.65"" (67.30mm)","Through Hole","Bead, Glass"
-,-,495-B57560G1502H000-ND,B57560G1502H000,TDK Electronics Inc.,THERMISTOR NTC 5KOHM BEAD,0,0,"Active","0","0","-","B57560G1","Active","5k","±3%","±1%","-","-","-","3483K","3497K","-55°C ~ 300°C","50mW","-","Through Hole","Bead, Glass"
-,-,495-B57551G1502G000-ND,B57551G1502G000,TDK Electronics Inc.,THERMISTOR NTC 5KOHM BEAD,0,0,"Active","0","0","-","B57551G1","Active","5k","±2%","±1%","-","-","-","3483K","3497K","-55°C ~ 260°C","32mW","2.65"" (67.30mm)","Through Hole","Bead, Glass"
-,-,495-B57560G1503H000-ND,B57560G1503H000,TDK Electronics Inc.,THERMISTOR NTC 50KOHM BEAD,0,0,"Active","0","0","-","B57560G1","Active","50k","±3%","±1%","-","-","-","3991K","4006K","-55°C ~ 300°C","50mW","-","Through Hole","Bead, Glass"
-,-,495-B57561G1502H000-ND,B57561G1502H000,TDK Electronics Inc.,THERMISTOR NTC 2KOHM BEAD,0,0,"Active","0","0","-","B57561G1","Active","5k","±3%","±1%","-","-","-","3483K","3497K","-55°C ~ 260°C","50mW","2.53"" (64.20mm)","Through Hole","Bead, Glass"
-,-,45-NK501C2R2-ND,NK501C2R2,Amphenol Advanced Sensors,THERMISTOR NTC,0,0,"Obsolete","0","0","-","*","Obsolete","-","-","-","-","-","-","-","-","-","-","-","-","-"
-,-,45-DC95F-153WN-ND,DC95F-153WN,Amphenol Advanced Sensors,THERMISTOR NTC 15K OHM 75MW BD,0,0,"Active","0","0","-","95","Active","15k","-","-","-","-","-","-","-","-80°C ~ 150°C","75mW","-","Free Hanging","Bead"
-,-,45-DC95F-203WN-ND,DC95F-203WN,Amphenol Advanced Sensors,THERMISTOR NTC 20K OHM 75MW BD,0,0,"Active","0","0","-","95","Active","20k","-","-","-","-","-","-","-","-80°C ~ 150°C","75mW","-","Free Hanging","Bead"
-,-,18-USP19766-ND,USP19766,Littelfuse Inc.,THERMISTOR NTC,0,0,"Obsolete","0","0","-","-","Obsolete","-","-","-","-","-","-","-","-","-","-","-","-","-"
-,-,18-USP11329-ND,USP11329,Littelfuse Inc.,THERMISTOR NTC,0,0,"Obsolete","0","0","-","-","Obsolete","-","-","-","-","-","-","-","-","-","-","-","-","-"
-,-,18-KT503J6-ND,KT503J6,Littelfuse Inc.,THERMISTOR NTC,0,0,"Obsolete","0","0","-","-","Obsolete","-","-","-","-","-","-","-","-","-","-","-","-","-"
-,-,18-USP20092-ND,USP20092,Littelfuse Inc.,THERMISTOR NTC,0,0,"Obsolete","0","0","-","-","Obsolete","-","-","-","-","-","-","-","-","-","-","-","-","-"
-,-,18-USP12431-ND,USP12431,Littelfuse Inc.,THERMISTOR NTC,0,0,"Obsolete","0","0","-","-","Obsolete","-","-","-","-","-","-","-","-","-","-","-","-","-"
-,-,18-USP18578-ND,USP18578,Littelfuse Inc.,THERMISTOR NTC,0,0,"Obsolete","0","0","-","-","Obsolete","-","-","-","-","-","-","-","-","-","-","-","-","-"
-,-,18-USP18042-ND,USP18042,Littelfuse Inc.,THERMISTOR NTC,0,0,"Obsolete","0","0","-","-","Obsolete","-","-","-","-","-","-","-","-","-","-","-","-","-"
-,-,18-LC104Q2J-ND,LC104Q2J,Littelfuse Inc.,THERMISTOR NTC,0,0,"Obsolete","0","0","-","-","Obsolete","-","-","-","-","-","-","-","-","-","-","-","-","-"
-,-,18-USP19406-ND,USP19406,Littelfuse Inc.,THERMISTOR NTC,0,0,"Obsolete","0","0","-","-","Obsolete","-","-","-","-","-","-","-","-","-","-","-","-","-"
-,-,18-BC363J2R-2-ND,BC363J2R-2,Littelfuse Inc.,THERMISTOR NTC,0,0,"Obsolete","0","0","-","-","Obsolete","-","-","-","-","-","-","-","-","-","-","-","-","-"
-,-,18-USW4587-ND,USW4587,Littelfuse Inc.,THERMISTOR NTC,0,0,"Obsolete","0","0","-","-","Obsolete","-","-","-","-","-","-","-","-","-","-","-","-","-"
-,-,18-PT222J17-ND,PT222J17,Littelfuse Inc.,THERMISTOR NTC,0,0,"Obsolete","0","0","-","-","Obsolete","-","-","-","-","-","-","-","-","-","-","-","-","-"
-,-,18-USP18256-ND,USP18256,Littelfuse Inc.,THERMISTOR NTC,0,0,"Obsolete","0","0","-","-","Obsolete","-","-","-","-","-","-","-","-","-","-","-","-","-"
-,-,18-USX3477-ND,USX3477,Littelfuse Inc.,THERMISTOR NTC,0,0,"Obsolete","0","0","-","-","Obsolete","-","-","-","-","-","-","-","-","-","-","-","-","-"
-,-,18-PX203G2-ND,PX203G2,Littelfuse Inc.,THERMISTOR NTC,0,0,"Obsolete","0","0","-","-","Obsolete","-","-","-","-","-","-","-","-","-","-","-","-","-"
-,-,18-KC104R6K-ND,KC104R6K,Littelfuse Inc.,THERMISTOR NTC,0,0,"Obsolete","0","0","-","-","Obsolete","-","-","-","-","-","-","-","-","-","-","-","-","-"
-,-,18-USP19495-ND,USP19495,Littelfuse Inc.,THERMISTOR NTC,0,0,"Obsolete","0","0","-","-","Obsolete","-","-","-","-","-","-","-","-","-","-","-","-","-"
-,-,18-USP17799-1-ND,USP17799-1,Littelfuse Inc.,THERMISTOR NTC,0,0,"Obsolete","0","0","-","-","Obsolete","-","-","-","-","-","-","-","-","-","-","-","-","-"
-,-,18-USP19711-ND,USP19711,Littelfuse Inc.,THERMISTOR NTC,0,0,"Obsolete","0","0","-","-","Obsolete","-","-","-","-","-","-","-","-","-","-","-","-","-"
-,-,18-PT103J70-ND,PT103J70,Littelfuse Inc.,THERMISTOR NTC,0,0,"Obsolete","0","0","-","-","Obsolete","-","-","-","-","-","-","-","-","-","-","-","-","-"
-,-,18-USW4645-ND,USW4645,Littelfuse Inc.,THERMISTOR NTC,0,0,"Obsolete","0","0","-","-","Obsolete","-","-","-","-","-","-","-","-","-","-","-","-","-"
-,-,18-USP19460-ND,USP19460,Littelfuse Inc.,THERMISTOR NTC,0,0,"Obsolete","0","0","-","-","Obsolete","-","-","-","-","-","-","-","-","-","-","-","-","-"
-,-,18-USP9565-ND,USP9565,Littelfuse Inc.,THERMISTOR NTC,0,0,"Obsolete","0","0","-","-","Obsolete","-","-","-","-","-","-","-","-","-","-","-","-","-"
-,-,18-LC102F2J-ND,LC102F2J,Littelfuse Inc.,THERMISTOR NTC,0,0,"Obsolete","0","0","-","-","Obsolete","-","-","-","-","-","-","-","-","-","-","-","-","-"
-,-,18-USX1111-ND,USX1111,Littelfuse Inc.,THERMISTOR NTC,0,0,"Obsolete","0","0","-","-","Obsolete","-","-","-","-","-","-","-","-","-","-","-","-","-"
-,-,18-USP19657-ND,USP19657,Littelfuse Inc.,THERMISTOR NTC,0,0,"Obsolete","0","0","-","-","Obsolete","-","-","-","-","-","-","-","-","-","-","-","-","-"
-,-,18-USP7008-ND,USP7008,Littelfuse Inc.,THERMISTOR NTC,0,0,"Obsolete","0","0","-","-","Obsolete","-","-","-","-","-","-","-","-","-","-","-","-","-"
-,-,18-USP3499-ND,USP3499,Littelfuse Inc.,THERMISTOR NTC,0,0,"Obsolete","0","0","-","-","Obsolete","-","-","-","-","-","-","-","-","-","-","-","-","-"
-,-,18-USP10758-ND,USP10758,Littelfuse Inc.,THERMISTOR NTC,0,0,"Obsolete","0","0","-","-","Obsolete","-","-","-","-","-","-","-","-","-","-","-","-","-"
-,-,18-USW4310-ND,USW4310,Littelfuse Inc.,THERMISTOR NTC,0,0,"Obsolete","0","0","-","-","Obsolete","-","-","-","-","-","-","-","-","-","-","-","-","-"
-,-,18-USP19729-ND,USP19729,Littelfuse Inc.,THERMISTOR NTC,0,0,"Obsolete","0","0","-","-","Obsolete","-","-","-","-","-","-","-","-","-","-","-","-","-"
-,-,18-USP19855-ND,USP19855,Littelfuse Inc.,THERMISTOR NTC,0,0,"Obsolete","0","0","-","-","Obsolete","-","-","-","-","-","-","-","-","-","-","-","-","-"
-,-,18-USP18763-ND,USP18763,Littelfuse Inc.,THERMISTOR NTC,0,0,"Obsolete","0","0","-","-","Obsolete","-","-","-","-","-","-","-","-","-","-","-","-","-"
-,-,18-USP4548-ND,USP4548,Littelfuse Inc.,THERMISTOR NTC,0,0,"Obsolete","0","0","-","-","Obsolete","-","-","-","-","-","-","-","-","-","-","-","-","-"
-,-,18-USP12381-ND,USP12381,Littelfuse Inc.,THERMISTOR NTC,0,0,"Obsolete","0","0","-","-","Obsolete","-","-","-","-","-","-","-","-","-","-","-","-","-"
-,-,18-USP15776-ND,USP15776,Littelfuse Inc.,THERMISTOR NTC,0,0,"Obsolete","0","0","-","-","Obsolete","-","-","-","-","-","-","-","-","-","-","-","-","-"
-,-,18-USX2673-ND,USX2673,Littelfuse Inc.,THERMISTOR NTC,0,0,"Obsolete","0","0","-","-","Obsolete","-","-","-","-","-","-","-","-","-","-","-","-","-"
-,-,18-USP19378-ND,USP19378,Littelfuse Inc.,THERMISTOR NTC,0,0,"Obsolete","0","0","-","-","Obsolete","-","-","-","-","-","-","-","-","-","-","-","-","-"
-,-,18-USP3403-ND,USP3403,Littelfuse Inc.,THERMISTOR NTC,0,0,"Obsolete","0","0","-","-","Obsolete","-","-","-","-","-","-","-","-","-","-","-","-","-"
-,-,18-USP11730-2-ND,USP11730-2,Littelfuse Inc.,THERMISTOR NTC,0,0,"Obsolete","0","0","-","-","Obsolete","-","-","-","-","-","-","-","-","-","-","-","-","-"
-,-,18-USX2970-ND,USX2970,Littelfuse Inc.,THERMISTOR NTC,0,0,"Obsolete","0","0","-","-","Obsolete","-","-","-","-","-","-","-","-","-","-","-","-","-"
-,-,18-USX1247-ND,USX1247,Littelfuse Inc.,THERMISTOR NTC,0,0,"Obsolete","0","0","-","-","Obsolete","-","-","-","-","-","-","-","-","-","-","-","-","-"
-,-,18-USP8786-ND,USP8786,Littelfuse Inc.,THERMISTOR NTC,0,0,"Obsolete","0","0","-","-","Obsolete","-","-","-","-","-","-","-","-","-","-","-","-","-"
-,-,18-LC243J3G-ND,LC243J3G,Littelfuse Inc.,THERMISTOR NTC,0,0,"Obsolete","0","0","-","-","Obsolete","-","-","-","-","-","-","-","-","-","-","-","-","-"
-,-,18-USP18144-ND,USP18144,Littelfuse Inc.,THERMISTOR NTC,0,0,"Obsolete","0","0","-","-","Obsolete","-","-","-","-","-","-","-","-","-","-","-","-","-"
-,-,18-USP5988-ND,USP5988,Littelfuse Inc.,THERMISTOR NTC,0,0,"Obsolete","0","0","-","-","Obsolete","-","-","-","-","-","-","-","-","-","-","-","-","-"
-,-,18-USP12646-ND,USP12646,Littelfuse Inc.,THERMISTOR NTC,0,0,"Obsolete","0","0","-","-","Obsolete","-","-","-","-","-","-","-","-","-","-","-","-","-"
-,-,18-USP19228-ND,USP19228,Littelfuse Inc.,THERMISTOR NTC,0,8,"Obsolete","0","0","-","-","Obsolete","-","-","-","-","-","-","-","-","-","-","-","-","-"
-,-,18-SC103F3J-ND,SC103F3J,Littelfuse Inc.,THERMISTOR NTC,0,0,"Obsolete","0","0","-","-","Obsolete","-","-","-","-","-","-","-","-","-","-","-","-","-"
-,-,18-USP13862-ND,USP13862,Littelfuse Inc.,THERMISTOR NTC,0,0,"Obsolete","0","0","-","-","Obsolete","-","-","-","-","-","-","-","-","-","-","-","-","-"
-,-,18-USW2972-ND,USW2972,Littelfuse Inc.,THERMISTOR NTC,0,0,"Obsolete","0","0","-","-","Obsolete","-","-","-","-","-","-","-","-","-","-","-","-","-"
-,-,18-USP19624-ND,USP19624,Littelfuse Inc.,THERMISTOR NTC,0,0,"Obsolete","0","0","-","-","Obsolete","-","-","-","-","-","-","-","-","-","-","-","-","-"
-,-,18-USP19530-2-ND,USP19530-2,Littelfuse Inc.,THERMISTOR NTC,0,0,"Obsolete","0","0","-","-","Obsolete","-","-","-","-","-","-","-","-","-","-","-","-","-"
-,-,18-USW4249-ND,USW4249,Littelfuse Inc.,THERMISTOR NTC,0,0,"Obsolete","0","0","-","-","Obsolete","-","-","-","-","-","-","-","-","-","-","-","-","-"
-,-,18-USP16095-ND,USP16095,Littelfuse Inc.,THERMISTOR NTC,0,0,"Obsolete","0","0","-","-","Obsolete","-","-","-","-","-","-","-","-","-","-","-","-","-"
-,-,18-USX2925-ND,USX2925,Littelfuse Inc.,THERMISTOR NTC,0,0,"Obsolete","0","0","-","-","Obsolete","-","-","-","-","-","-","-","-","-","-","-","-","-"
-,-,18-USP18060-ND,USP18060,Littelfuse Inc.,THERMISTOR NTC,0,0,"Obsolete","0","0","-","-","Obsolete","-","-","-","-","-","-","-","-","-","-","-","-","-"
-,-,18-BC103E6N-ND,BC103E6N,Littelfuse Inc.,THERMISTOR NTC,0,0,"Obsolete","0","0","-","-","Obsolete","-","-","-","-","-","-","-","-","-","-","-","-","-"
-,-,18-USP1979-ND,USP1979,Littelfuse Inc.,THERMISTOR NTC,0,0,"Obsolete","0","0","-","-","Obsolete","-","-","-","-","-","-","-","-","-","-","-","-","-"
-,-,18-USP19750-ND,USP19750,Littelfuse Inc.,THERMISTOR NTC,0,31,"Obsolete","0","0","-","-","Obsolete","-","-","-","-","-","-","-","-","-","-","-","-","-"
//media.digikey.com/pdf/Data%20Sheets/Curtis%20Instruments%20PDFs/TS-001%20and%20TS-002%20Temp%20Sensors.pdf,//media.digikey.com/photos/Curtis%20Instruments%20Photos/MFG_TS-002.jpg,267-1035-ND,TS-002,Curtis Instruments Inc.,THERMISTOR NTC STUD,0,0,"Obsolete","0","10","Bulk","TS","Obsolete","-","-","-","-","-","-","-","-","38°C ~ 121°C","-","-","Chassis Mount","Nonstandard, Threaded Stud"
