Datasheets,Image,Digi-Key Part Number,Manufacturer Part Number,Manufacturer,Description,Quantity Available,Factory Stock,Unit Price (USD),@ qty,Minimum Quantity,"Packaging","Series","Part Status","Resistance @ 25°C","Resistance Tolerance","Operating Temperature","Power - Max","Mounting Type","Package / Case","Supplier Device Package"
-,-,B59065S1120B270Z-ND,B59065S1120B270Z,TDK Electronics Inc.,PTC THERMISTOR,0,0,"Obsolete","0","0","-","-","Obsolete","-","-","-","-","-","-","-"
-,-,B59065S1120B270Z15-ND,B59065S1120B270Z15,TDK Electronics Inc.,PTC THERMISTOR,0,0,"Obsolete","0","0","-","-","Obsolete","-","-","-","-","-","-","-"
-,-,B59065S1120B270Z5-ND,B59065S1120B270Z5,TDK Electronics Inc.,PTC THERMISTOR,0,0,"Obsolete","0","0","-","-","Obsolete","-","-","-","-","-","-","-"
-,-,B59065S1120B54-ND,B59065S1120B54,TDK Electronics Inc.,PTC THERMISTOR,0,0,"Obsolete","0","0","-","-","Obsolete","-","-","-","-","-","-","-"
-,-,B59065S1120B54Z-ND,B59065S1120B54Z,TDK Electronics Inc.,PTC THERMISTOR,0,0,"Obsolete","0","0","-","-","Obsolete","-","-","-","-","-","-","-"
-,-,B59065S1120B54Z15-ND,B59065S1120B54Z15,TDK Electronics Inc.,PTC THERMISTOR,0,0,"Obsolete","0","0","-","-","Obsolete","-","-","-","-","-","-","-"
-,-,B59065S1120B54Z5-ND,B59065S1120B54Z5,TDK Electronics Inc.,PTC THERMISTOR,0,0,"Obsolete","0","0","-","-","Obsolete","-","-","-","-","-","-","-"
-,-,B59065S1120B70-ND,B59065S1120B70,TDK Electronics Inc.,PTC THERMISTOR,0,0,"Obsolete","0","0","-","-","Obsolete","-","-","-","-","-","-","-"
-,-,B59065S1120B70Z-ND,B59065S1120B70Z,TDK Electronics Inc.,PTC THERMISTOR,0,0,"Obsolete","0","0","-","-","Obsolete","-","-","-","-","-","-","-"
-,-,B59065S1120B70Z15-ND,B59065S1120B70Z15,TDK Electronics Inc.,PTC THERMISTOR,0,0,"Obsolete","0","0","-","-","Obsolete","-","-","-","-","-","-","-"
-,-,B59065S1120B70Z5-ND,B59065S1120B70Z5,TDK Electronics Inc.,PTC THERMISTOR,0,0,"Obsolete","0","0","-","-","Obsolete","-","-","-","-","-","-","-"
-,-,B59067S160B70-ND,B59067S160B70,TDK Electronics Inc.,PTC THERMISTOR,0,0,"Obsolete","0","0","-","-","Obsolete","-","-","-","-","-","-","-"
-,-,B59067S160B70Z-ND,B59067S160B70Z,TDK Electronics Inc.,PTC THERMISTOR,0,0,"Obsolete","0","0","-","-","Obsolete","-","-","-","-","-","-","-"
-,-,B59067S160B70Z15-ND,B59067S160B70Z15,TDK Electronics Inc.,PTC THERMISTOR,0,0,"Obsolete","0","0","-","-","Obsolete","-","-","-","-","-","-","-"
-,-,B59067S160B70Z5-ND,B59067S160B70Z5,TDK Electronics Inc.,PTC THERMISTOR,0,0,"Obsolete","0","0","-","-","Obsolete","-","-","-","-","-","-","-"
-,-,B59068U1120B55-ND,B59068U1120B55,TDK Electronics Inc.,PTC THERMISTOR,0,0,"Obsolete","0","0","-","-","Obsolete","-","-","-","-","-","-","-"
-,-,B59068U1120B55Z-ND,B59068U1120B55Z,TDK Electronics Inc.,PTC THERMISTOR,0,0,"Obsolete","0","0","-","-","Obsolete","-","-","-","-","-","-","-"
-,-,B59068U1120B55Z15-ND,B59068U1120B55Z15,TDK Electronics Inc.,PTC THERMISTOR,0,0,"Obsolete","0","0","-","-","Obsolete","-","-","-","-","-","-","-"
-,-,B59068U1120B55Z5-ND,B59068U1120B55Z5,TDK Electronics Inc.,PTC THERMISTOR,0,0,"Obsolete","0","0","-","-","Obsolete","-","-","-","-","-","-","-"
-,-,B59069S120B62-ND,B59069S120B62,TDK Electronics Inc.,PTC THERMISTOR,0,0,"Obsolete","0","0","-","-","Obsolete","-","-","-","-","-","-","-"
-,-,B59069S120B62Z-ND,B59069S120B62Z,TDK Electronics Inc.,PTC THERMISTOR,0,0,"Obsolete","0","0","-","-","Obsolete","-","-","-","-","-","-","-"
-,-,B59069S120B62Z15-ND,B59069S120B62Z15,TDK Electronics Inc.,PTC THERMISTOR,0,0,"Obsolete","0","0","-","-","Obsolete","-","-","-","-","-","-","-"
-,-,B59069S120B62Z5-ND,B59069S120B62Z5,TDK Electronics Inc.,PTC THERMISTOR,0,0,"Obsolete","0","0","-","-","Obsolete","-","-","-","-","-","-","-"
-,-,B59074R120B10-ND,B59074R120B10,TDK Electronics Inc.,PTC THERMISTOR,0,0,"Obsolete","0","0","-","-","Obsolete","-","-","-","-","-","-","-"
-,-,B59076B1120B153Z-ND,B59076B1120B153Z,TDK Electronics Inc.,PTC THERMISTOR,0,0,"Obsolete","0","0","-","-","Obsolete","10 Ohms","-","-","-","-","-","-"
-,-,B59076B1120B153Z15-ND,B59076B1120B153Z15,TDK Electronics Inc.,PTC THERMISTOR,0,0,"Obsolete","0","0","-","-","Obsolete","10 Ohms","-","-","-","-","-","-"
-,-,B59076B1120B153Z5-ND,B59076B1120B153Z5,TDK Electronics Inc.,PTC THERMISTOR,0,0,"Obsolete","0","0","-","-","Obsolete","10 Ohms","-","-","-","-","-","-"
-,-,B59078U1150B70-ND,B59078U1150B70,TDK Electronics Inc.,PTC THERMISTOR,0,0,"Obsolete","0","0","-","-","Obsolete","-","-","-","-","-","-","-"
-,-,B59078U1150B70Z-ND,B59078U1150B70Z,TDK Electronics Inc.,PTC THERMISTOR,0,0,"Obsolete","0","0","-","-","Obsolete","-","-","-","-","-","-","-"
-,-,B59078U1150B70Z15-ND,B59078U1150B70Z15,TDK Electronics Inc.,PTC THERMISTOR,0,0,"Obsolete","0","0","-","-","Obsolete","-","-","-","-","-","-","-"
-,-,B59078U1150B70Z5-ND,B59078U1150B70Z5,TDK Electronics Inc.,PTC THERMISTOR,0,0,"Obsolete","0","0","-","-","Obsolete","-","-","-","-","-","-","-"
-,-,B59081G1120A161V2-ND,B59081G1120A161V2,TDK Electronics Inc.,PTC THERMISTOR,0,0,"Obsolete","0","0","-","B59081","Obsolete","9 Ohms","-","-","-","-","-","-"
-,-,B59081G1120A161Z-ND,B59081G1120A161Z,TDK Electronics Inc.,PTC THERMISTOR,0,0,"Obsolete","0","0","-","B59081","Obsolete","9 Ohms","-","-","-","-","-","-"
-,-,B59081G1120A161Z15-ND,B59081G1120A161Z15,TDK Electronics Inc.,PTC THERMISTOR,0,0,"Obsolete","0","0","-","-","Obsolete","-","-","-","-","-","-","-"
-,-,B59081G1120A161Z5-ND,B59081G1120A161Z5,TDK Electronics Inc.,PTC THERMISTOR,0,0,"Obsolete","0","0","-","B59081","Obsolete","9 Ohms","-","-","-","-","-","-"
-,-,B59084C1080B140-ND,B59084C1080B140,TDK Electronics Inc.,PTC THERMISTOR,0,0,"Obsolete","0","0","-","-","Obsolete","-","-","-","-","-","-","-"
-,-,B59084C1080B140Z15-ND,B59084C1080B140Z15,TDK Electronics Inc.,PTC THERMISTOR,0,0,"Obsolete","0","0","-","-","Obsolete","20.8 Ohms","-","-","-","-","-","-"
-,-,B59084C1080B140Z5-ND,B59084C1080B140Z5,TDK Electronics Inc.,PTC THERMISTOR,0,0,"Obsolete","0","0","-","-","Obsolete","20.8 Ohms","-","-","-","-","-","-"
-,-,B59087U1120B40-ND,B59087U1120B40,TDK Electronics Inc.,PTC THERMISTOR,0,0,"Obsolete","0","0","-","-","Obsolete","-","-","-","-","-","-","-"
-,-,B59087U1120B40Z-ND,B59087U1120B40Z,TDK Electronics Inc.,PTC THERMISTOR,0,0,"Obsolete","0","0","-","-","Obsolete","-","-","-","-","-","-","-"
-,-,B59087U1120B40Z15-ND,B59087U1120B40Z15,TDK Electronics Inc.,PTC THERMISTOR,0,0,"Obsolete","0","0","-","-","Obsolete","-","-","-","-","-","-","-"
-,-,B59087U1120B40Z5-ND,B59087U1120B40Z5,TDK Electronics Inc.,PTC THERMISTOR,0,0,"Obsolete","0","0","-","-","Obsolete","-","-","-","-","-","-","-"
-,-,B59087U1120B70-ND,B59087U1120B70,TDK Electronics Inc.,PTC THERMISTOR,0,0,"Obsolete","0","0","-","-","Obsolete","-","-","-","-","-","-","-"
-,-,B59087U1120B70Z-ND,B59087U1120B70Z,TDK Electronics Inc.,PTC THERMISTOR,0,0,"Obsolete","0","0","-","-","Obsolete","-","-","-","-","-","-","-"
-,-,B59087U1120B70Z15-ND,B59087U1120B70Z15,TDK Electronics Inc.,PTC THERMISTOR,0,0,"Obsolete","0","0","-","-","Obsolete","-","-","-","-","-","-","-"
-,-,B59087U1120B70Z5-ND,B59087U1120B70Z5,TDK Electronics Inc.,PTC THERMISTOR,0,0,"Obsolete","0","0","-","-","Obsolete","-","-","-","-","-","-","-"
-,-,B59088U1055B40-ND,B59088U1055B40,TDK Electronics Inc.,PTC THERMISTOR,0,0,"Obsolete","0","0","-","-","Obsolete","-","-","-","-","-","-","-"
-,-,B59088U1055B40Z15-ND,B59088U1055B40Z15,TDK Electronics Inc.,PTC THERMISTOR,0,0,"Obsolete","0","0","-","-","Obsolete","-","-","-","-","-","-","-"
-,-,B59088U1055B40Z5-ND,B59088U1055B40Z5,TDK Electronics Inc.,PTC THERMISTOR,0,0,"Obsolete","0","0","-","-","Obsolete","-","-","-","-","-","-","-"
-,-,B59091S1130B70-ND,B59091S1130B70,TDK Electronics Inc.,PTC THERMISTOR,0,0,"Obsolete","0","0","-","-","Obsolete","-","-","-","-","-","-","-"
-,-,B59091S1130B70Z-ND,B59091S1130B70Z,TDK Electronics Inc.,PTC THERMISTOR,0,0,"Obsolete","0","0","-","-","Obsolete","-","-","-","-","-","-","-"
-,-,B59091S1130B70Z15-ND,B59091S1130B70Z15,TDK Electronics Inc.,PTC THERMISTOR,0,0,"Obsolete","0","0","-","-","Obsolete","-","-","-","-","-","-","-"
-,-,B59091S1130B70Z5-ND,B59091S1130B70Z5,TDK Electronics Inc.,PTC THERMISTOR,0,0,"Obsolete","0","0","-","-","Obsolete","-","-","-","-","-","-","-"
-,-,B59092S1120B54-ND,B59092S1120B54,TDK Electronics Inc.,PTC THERMISTOR,0,0,"Obsolete","0","0","-","-","Obsolete","-","-","-","-","-","-","-"
-,-,B59092S1120B54Z-ND,B59092S1120B54Z,TDK Electronics Inc.,PTC THERMISTOR,0,0,"Obsolete","0","0","-","-","Obsolete","-","-","-","-","-","-","-"
-,-,B59092S1120B54Z15-ND,B59092S1120B54Z15,TDK Electronics Inc.,PTC THERMISTOR,0,0,"Obsolete","0","0","-","-","Obsolete","-","-","-","-","-","-","-"
-,-,B59092S1120B54Z5-ND,B59092S1120B54Z5,TDK Electronics Inc.,PTC THERMISTOR,0,0,"Obsolete","0","0","-","-","Obsolete","-","-","-","-","-","-","-"
-,-,B59094U1140B70-ND,B59094U1140B70,TDK Electronics Inc.,PTC THERMISTOR,0,0,"Obsolete","0","0","-","-","Obsolete","-","-","-","-","-","-","-"
-,-,B59094U1140B70Z-ND,B59094U1140B70Z,TDK Electronics Inc.,PTC THERMISTOR,0,0,"Obsolete","0","0","-","-","Obsolete","-","-","-","-","-","-","-"
-,-,B59094U1140B70Z15-ND,B59094U1140B70Z15,TDK Electronics Inc.,PTC THERMISTOR,0,0,"Obsolete","0","0","-","-","Obsolete","-","-","-","-","-","-","-"
-,-,B59094U1140B70Z5-ND,B59094U1140B70Z5,TDK Electronics Inc.,PTC THERMISTOR,0,0,"Obsolete","0","0","-","-","Obsolete","-","-","-","-","-","-","-"
-,-,B59095U1120B70-ND,B59095U1120B70,TDK Electronics Inc.,PTC THERMISTOR,0,0,"Obsolete","0","0","-","-","Obsolete","-","-","-","-","-","-","-"
-,-,B59095U1120B70Z-ND,B59095U1120B70Z,TDK Electronics Inc.,PTC THERMISTOR,0,0,"Obsolete","0","0","-","-","Obsolete","-","-","-","-","-","-","-"
-,-,B59095U1120B70Z15-ND,B59095U1120B70Z15,TDK Electronics Inc.,PTC THERMISTOR,0,0,"Obsolete","0","0","-","-","Obsolete","-","-","-","-","-","-","-"
-,-,B59095U1120B70Z5-ND,B59095U1120B70Z5,TDK Electronics Inc.,PTC THERMISTOR,0,0,"Obsolete","0","0","-","-","Obsolete","-","-","-","-","-","-","-"
-,-,B59095U1145B70-ND,B59095U1145B70,TDK Electronics Inc.,PTC THERMISTOR,0,0,"Obsolete","0","0","-","-","Obsolete","-","-","-","-","-","-","-"
-,-,B59095U1145B70Z-ND,B59095U1145B70Z,TDK Electronics Inc.,PTC THERMISTOR,0,0,"Obsolete","0","0","-","-","Obsolete","-","-","-","-","-","-","-"
-,-,B59095U1145B70Z15-ND,B59095U1145B70Z15,TDK Electronics Inc.,PTC THERMISTOR,0,0,"Obsolete","0","0","-","-","Obsolete","-","-","-","-","-","-","-"
-,-,B59095U1145B70Z5-ND,B59095U1145B70Z5,TDK Electronics Inc.,PTC THERMISTOR,0,0,"Obsolete","0","0","-","-","Obsolete","-","-","-","-","-","-","-"
-,-,B59098C1100B51V1-ND,B59098C1100B51V1,TDK Electronics Inc.,PTC THERMISTOR,0,0,"Obsolete","0","0","-","-","Obsolete","6 Ohms","-","-","-","-","-","-"
-,-,B59098C1100B51Z-ND,B59098C1100B51Z,TDK Electronics Inc.,PTC THERMISTOR,0,0,"Obsolete","0","0","-","-","Obsolete","6 Ohms","-","-","-","-","-","-"
-,-,B59098C1100B51Z1-ND,B59098C1100B51Z1,TDK Electronics Inc.,PTC THERMISTOR,0,0,"Obsolete","0","0","-","-","Obsolete","6 Ohms","-","-","-","-","-","-"
-,-,B59098C1100B51Z15-ND,B59098C1100B51Z15,TDK Electronics Inc.,PTC THERMISTOR,0,0,"Obsolete","0","0","-","-","Obsolete","6 Ohms","-","-","-","-","-","-"
-,-,B59098C1100B51Z5-ND,B59098C1100B51Z5,TDK Electronics Inc.,PTC THERMISTOR,0,0,"Obsolete","0","0","-","-","Obsolete","6 Ohms","-","-","-","-","-","-"
-,-,B59098U1170B70-ND,B59098U1170B70,TDK Electronics Inc.,PTC THERMISTOR,0,0,"Obsolete","0","0","-","-","Obsolete","-","-","-","-","-","-","-"
-,-,B59098U1170B70Z-ND,B59098U1170B70Z,TDK Electronics Inc.,PTC THERMISTOR,0,0,"Obsolete","0","0","-","-","Obsolete","-","-","-","-","-","-","-"
-,-,B59098U1170B70Z15-ND,B59098U1170B70Z15,TDK Electronics Inc.,PTC THERMISTOR,0,0,"Obsolete","0","0","-","-","Obsolete","-","-","-","-","-","-","-"
-,-,B59098U1170B70Z5-ND,B59098U1170B70Z5,TDK Electronics Inc.,PTC THERMISTOR,0,0,"Obsolete","0","0","-","-","Obsolete","-","-","-","-","-","-","-"
-,-,B59099U1080B70-ND,B59099U1080B70,TDK Electronics Inc.,PTC THERMISTOR,0,0,"Obsolete","0","0","-","-","Obsolete","-","-","-","-","-","-","-"
-,-,B59099U1080B70Z-ND,B59099U1080B70Z,TDK Electronics Inc.,PTC THERMISTOR,0,0,"Obsolete","0","0","-","-","Obsolete","-","-","-","-","-","-","-"
-,-,B59099U1080B70Z15-ND,B59099U1080B70Z15,TDK Electronics Inc.,PTC THERMISTOR,0,0,"Obsolete","0","0","-","-","Obsolete","-","-","-","-","-","-","-"
-,-,B59099U1080B70Z5-ND,B59099U1080B70Z5,TDK Electronics Inc.,PTC THERMISTOR,0,0,"Obsolete","0","0","-","-","Obsolete","-","-","-","-","-","-","-"
-,-,B59099U1100B70-ND,B59099U1100B70,TDK Electronics Inc.,PTC THERMISTOR,0,0,"Obsolete","0","0","-","-","Obsolete","-","-","-","-","-","-","-"
-,-,B59099U1100B70V30-ND,B59099U1100B70V30,TDK Electronics Inc.,PTC THERMISTOR,0,0,"Obsolete","0","0","-","-","Obsolete","-","-","-","-","-","-","-"
-,-,B59099U1100B70Z-ND,B59099U1100B70Z,TDK Electronics Inc.,PTC THERMISTOR,0,0,"Obsolete","0","0","-","-","Obsolete","-","-","-","-","-","-","-"
-,-,B59099U1100B70Z15-ND,B59099U1100B70Z15,TDK Electronics Inc.,PTC THERMISTOR,0,0,"Obsolete","0","0","-","-","Obsolete","-","-","-","-","-","-","-"
-,-,B59099U1100B70Z5-ND,B59099U1100B70Z5,TDK Electronics Inc.,PTC THERMISTOR,0,0,"Obsolete","0","0","-","-","Obsolete","-","-","-","-","-","-","-"
-,-,B59101S1155B70-ND,B59101S1155B70,TDK Electronics Inc.,PTC THERMISTOR,0,0,"Obsolete","0","0","-","-","Obsolete","-","-","-","-","-","-","-"
-,-,B59101S1155B70Z-ND,B59101S1155B70Z,TDK Electronics Inc.,PTC THERMISTOR,0,0,"Obsolete","0","0","-","-","Obsolete","-","-","-","-","-","-","-"
-,-,B59101S1155B70Z15-ND,B59101S1155B70Z15,TDK Electronics Inc.,PTC THERMISTOR,0,0,"Obsolete","0","0","-","-","Obsolete","-","-","-","-","-","-","-"
-,-,B59101S1155B70Z5-ND,B59101S1155B70Z5,TDK Electronics Inc.,PTC THERMISTOR,0,0,"Obsolete","0","0","-","-","Obsolete","-","-","-","-","-","-","-"
-,-,B59101U1145B70-ND,B59101U1145B70,TDK Electronics Inc.,PTC THERMISTOR,0,0,"Obsolete","0","0","-","-","Obsolete","-","-","-","-","-","-","-"
-,-,B59101U1145B70Z-ND,B59101U1145B70Z,TDK Electronics Inc.,PTC THERMISTOR,0,0,"Obsolete","0","0","-","-","Obsolete","-","-","-","-","-","-","-"
-,-,B59101U1145B70Z15-ND,B59101U1145B70Z15,TDK Electronics Inc.,PTC THERMISTOR,0,0,"Obsolete","0","0","-","-","Obsolete","-","-","-","-","-","-","-"
-,-,B59101U1145B70Z5-ND,B59101U1145B70Z5,TDK Electronics Inc.,PTC THERMISTOR,0,0,"Obsolete","0","0","-","-","Obsolete","-","-","-","-","-","-","-"
-,-,B59103J130A20-ND,B59103J130A20,TDK Electronics Inc.,PTC THERMISTOR,0,0,"Obsolete","0","0","-","-","Obsolete","-","-","-","-","-","-","-"
-,-,B59103J130A20Z15-ND,B59103J130A20Z15,TDK Electronics Inc.,PTC THERMISTOR,0,0,"Obsolete","0","0","-","-","Obsolete","-","-","-","-","-","-","-"
-,-,B59103J130A20Z5-ND,B59103J130A20Z5,TDK Electronics Inc.,PTC THERMISTOR,0,0,"Obsolete","0","0","-","-","Obsolete","-","-","-","-","-","-","-"
-,-,B59105J130A20Z-ND,B59105J130A20Z,TDK Electronics Inc.,PTC THERMISTOR,0,0,"Obsolete","0","0","-","Automotive, AEC-Q200","Obsolete","22 Ohms","-","-","-","-","-","-"
-,-,B59105J130A20Z15-ND,B59105J130A20Z15,TDK Electronics Inc.,PTC THERMISTOR,0,0,"Obsolete","0","0","-","Automotive, AEC-Q200","Obsolete","22 Ohms","-","-","-","-","-","-"
-,-,B59105J130A20Z5-ND,B59105J130A20Z5,TDK Electronics Inc.,PTC THERMISTOR,0,0,"Obsolete","0","0","-","Automotive, AEC-Q200","Obsolete","22 Ohms","-","-","-","-","-","-"
-,-,B59107J130A20Z-ND,B59107J130A20Z,TDK Electronics Inc.,PTC THERMISTOR,0,0,"Obsolete","0","0","-","Automotive, AEC-Q200","Obsolete","56 Ohms","-","-","-","-","-","-"
-,-,B59107J130A20Z15-ND,B59107J130A20Z15,TDK Electronics Inc.,PTC THERMISTOR,0,0,"Obsolete","0","0","-","Automotive, AEC-Q200","Obsolete","56 Ohms","-","-","-","-","-","-"
-,-,B59107J130A20Z5-ND,B59107J130A20Z5,TDK Electronics Inc.,PTC THERMISTOR,0,0,"Obsolete","0","0","-","-","Obsolete","56 Ohms","-","-20°C ~ 85°C","-","PCB, Through Hole","Radial","-"
-,-,B59109J130A20Z-ND,B59109J130A20Z,TDK Electronics Inc.,PTC THERMISTOR,0,0,"Obsolete","0","0","-","-","Obsolete","100 Ohms","-","-20°C ~ 85°C","-","PCB, Through Hole","Radial","-"
-,-,B59109J130A20Z15-ND,B59109J130A20Z15,TDK Electronics Inc.,PTC THERMISTOR,0,0,"Obsolete","0","0","-","-","Obsolete","100 Ohms","-","-20°C ~ 85°C","-","PCB, Through Hole","Radial","-"
-,-,B59109J130A20Z5-ND,B59109J130A20Z5,TDK Electronics Inc.,PTC THERMISTOR,0,0,"Obsolete","0","0","-","Automotive, AEC-Q200","Obsolete","100 Ohms","-","-","-","-","-","-"
-,-,B59110C110A70-ND,B59110C110A70,TDK Electronics Inc.,PTC THERMISTOR,0,0,"Obsolete","0","0","-","-","Obsolete","-","-","-","-","-","-","-"
-,-,B59110C110A70Z15-ND,B59110C110A70Z15,TDK Electronics Inc.,PTC THERMISTOR,0,0,"Obsolete","0","0","-","-","Obsolete","-","-","-","-","-","-","-"
-,-,B59110C110A70Z5-ND,B59110C110A70Z5,TDK Electronics Inc.,PTC THERMISTOR,0,0,"Obsolete","0","0","-","-","Obsolete","-","-","-","-","-","-","-"
-,-,B59115J140A20-ND,B59115J140A20,TDK Electronics Inc.,PTC THERMISTOR,0,0,"Obsolete","0","0","-","-","Obsolete","-","-","-","-","-","-","-"
-,-,B59115J140A20Z15-ND,B59115J140A20Z15,TDK Electronics Inc.,PTC THERMISTOR,0,0,"Obsolete","0","0","-","-","Obsolete","-","±25%","-25°C ~ 125°C","-","Through Hole","-","-"
-,-,B59115J140A20Z5-ND,B59115J140A20Z5,TDK Electronics Inc.,PTC THERMISTOR,0,0,"Obsolete","0","0","-","-","Obsolete","-","-","-","-","-","-","-"
-,-,B59118C1080A70Z-ND,B59118C1080A70Z,TDK Electronics Inc.,PTC THERMISTOR,0,0,"Obsolete","0","0","-","B59118","Obsolete","70 Ohms","-","-","-","-","-","-"
-,-,B59118C1080A70Z15-ND,B59118C1080A70Z15,TDK Electronics Inc.,PTC THERMISTOR,0,0,"Obsolete","0","0","-","B59118","Obsolete","70 Ohms","-","-","-","-","-","-"
-,-,B59118C1080A70Z5-ND,B59118C1080A70Z5,TDK Electronics Inc.,PTC THERMISTOR,0,0,"Obsolete","0","0","-","B59118","Obsolete","70 Ohms","-","-","-","-","-","-"
-,-,B59118C1080B51-ND,B59118C1080B51,TDK Electronics Inc.,PTC THERMISTOR,0,0,"Obsolete","0","0","-","B59118","Obsolete","70 Ohms","-","-","-","-","-","-"
-,-,B59118C1080B51Z5-ND,B59118C1080B51Z5,TDK Electronics Inc.,PTC THERMISTOR,0,0,"Obsolete","0","0","-","B59118","Obsolete","70 Ohms","-","-","-","-","-","-"
-,-,B59118C1120A70Z-ND,B59118C1120A70Z,TDK Electronics Inc.,PTC THERMISTOR,0,0,"Obsolete","0","0","-","B59118","Obsolete","70 Ohms","-","-","-","-","-","-"
-,-,B59118C1120A70Z15-ND,B59118C1120A70Z15,TDK Electronics Inc.,PTC THERMISTOR,0,0,"Obsolete","0","0","-","B59118","Obsolete","70 Ohms","-","-","-","-","-","-"
-,-,B59118C1120A70Z5-ND,B59118C1120A70Z5,TDK Electronics Inc.,PTC THERMISTOR,0,0,"Obsolete","0","0","-","B59118","Obsolete","70 Ohms","-","-","-","-","-","-"
-,-,B59121B1120A70-ND,B59121B1120A70,TDK Electronics Inc.,PTC THERMISTOR,0,0,"Obsolete","0","0","-","-","Obsolete","-","-","-","-","-","-","-"
-,-,B59121B1120A70Z-ND,B59121B1120A70Z,TDK Electronics Inc.,PTC THERMISTOR,0,0,"Obsolete","0","0","-","-","Obsolete","-","-","-","-","-","-","-"
-,-,B59121B1120A70Z15-ND,B59121B1120A70Z15,TDK Electronics Inc.,PTC THERMISTOR,0,0,"Obsolete","0","0","-","-","Obsolete","-","-","-","-","-","-","-"
-,-,B59121B1120A70Z5-ND,B59121B1120A70Z5,TDK Electronics Inc.,PTC THERMISTOR,0,0,"Obsolete","0","0","-","-","Obsolete","-","-","-","-","-","-","-"
-,-,B59123U1130B70-ND,B59123U1130B70,TDK Electronics Inc.,PTC THERMISTOR,0,0,"Obsolete","0","0","-","-","Obsolete","-","-","-","-","-","-","-"
-,-,B59123U1130B70Z-ND,B59123U1130B70Z,TDK Electronics Inc.,PTC THERMISTOR,0,0,"Obsolete","0","0","-","-","Obsolete","-","-","-","-","-","-","-"
-,-,B59123U1130B70Z15-ND,B59123U1130B70Z15,TDK Electronics Inc.,PTC THERMISTOR,0,0,"Obsolete","0","0","-","-","Obsolete","-","-","-","-","-","-","-"
-,-,B59123U1130B70Z5-ND,B59123U1130B70Z5,TDK Electronics Inc.,PTC THERMISTOR,0,0,"Obsolete","0","0","-","-","Obsolete","-","-","-","-","-","-","-"
-,-,B59124U1120B70-ND,B59124U1120B70,TDK Electronics Inc.,PTC THERMISTOR,0,0,"Obsolete","0","0","-","-","Obsolete","-","-","-","-","-","-","-"
-,-,B59124U1120B70Z-ND,B59124U1120B70Z,TDK Electronics Inc.,PTC THERMISTOR,0,0,"Obsolete","0","0","-","-","Obsolete","-","-","-","-","-","-","-"
-,-,B59124U1120B70Z15-ND,B59124U1120B70Z15,TDK Electronics Inc.,PTC THERMISTOR,0,0,"Obsolete","0","0","-","-","Obsolete","-","-","-","-","-","-","-"
-,-,B59124U1120B70Z5-ND,B59124U1120B70Z5,TDK Electronics Inc.,PTC THERMISTOR,0,0,"Obsolete","0","0","-","-","Obsolete","-","-","-","-","-","-","-"
-,-,B59126U120B70-ND,B59126U120B70,TDK Electronics Inc.,PTC THERMISTOR,0,0,"Obsolete","0","0","-","-","Obsolete","-","-","-","-","-","-","-"
-,-,B59126U120B70Z-ND,B59126U120B70Z,TDK Electronics Inc.,PTC THERMISTOR,0,0,"Obsolete","0","0","-","-","Obsolete","-","-","-","-","-","-","-"
-,-,B59126U120B70Z15-ND,B59126U120B70Z15,TDK Electronics Inc.,PTC THERMISTOR,0,0,"Obsolete","0","0","-","-","Obsolete","-","-","-","-","-","-","-"
-,-,B59126U120B70Z5-ND,B59126U120B70Z5,TDK Electronics Inc.,PTC THERMISTOR,0,0,"Obsolete","0","0","-","-","Obsolete","-","-","-","-","-","-","-"
-,-,B59128A130B10-ND,B59128A130B10,TDK Electronics Inc.,PTC THERMISTOR,0,0,"Obsolete","0","0","-","-","Obsolete","-","-","-","-","-","-","-"
-,-,B59128A130B10V60-ND,B59128A130B10V60,TDK Electronics Inc.,PTC THERMISTOR,0,0,"Obsolete","0","0","-","-","Obsolete","-","-","-","-","-","-","-"
-,-,B59130U1080B70-ND,B59130U1080B70,TDK Electronics Inc.,PTC THERMISTOR,0,0,"Obsolete","0","0","-","-","Obsolete","-","-","-","-","-","-","-"
-,-,B59130U1080B70Z-ND,B59130U1080B70Z,TDK Electronics Inc.,PTC THERMISTOR,0,0,"Obsolete","0","0","-","-","Obsolete","-","-","-","-","-","-","-"
-,-,B59130U1080B70Z15-ND,B59130U1080B70Z15,TDK Electronics Inc.,PTC THERMISTOR,0,0,"Obsolete","0","0","-","-","Obsolete","-","-","-","-","-","-","-"
-,-,B59130U1080B70Z5-ND,B59130U1080B70Z5,TDK Electronics Inc.,PTC THERMISTOR,0,0,"Obsolete","0","0","-","-","Obsolete","-","-","-","-","-","-","-"
-,-,B59130U1090B70-ND,B59130U1090B70,TDK Electronics Inc.,PTC THERMISTOR,0,0,"Obsolete","0","0","-","-","Obsolete","-","-","-","-","-","-","-"
-,-,B59130U1090B70Z-ND,B59130U1090B70Z,TDK Electronics Inc.,PTC THERMISTOR,0,0,"Obsolete","0","0","-","-","Obsolete","-","-","-","-","-","-","-"
-,-,B59130U1090B70Z15-ND,B59130U1090B70Z15,TDK Electronics Inc.,PTC THERMISTOR,0,0,"Obsolete","0","0","-","-","Obsolete","-","-","-","-","-","-","-"
-,-,B59130U1090B70Z5-ND,B59130U1090B70Z5,TDK Electronics Inc.,PTC THERMISTOR,0,0,"Obsolete","0","0","-","-","Obsolete","-","-","-","-","-","-","-"
-,-,B59130U1120B70-ND,B59130U1120B70,TDK Electronics Inc.,PTC THERMISTOR,0,0,"Obsolete","0","0","-","-","Obsolete","-","-","-","-","-","-","-"
-,-,B59130U1120B70Z-ND,B59130U1120B70Z,TDK Electronics Inc.,PTC THERMISTOR,0,0,"Obsolete","0","0","-","-","Obsolete","-","-","-","-","-","-","-"
-,-,B59130U1120B70Z15-ND,B59130U1120B70Z15,TDK Electronics Inc.,PTC THERMISTOR,0,0,"Obsolete","0","0","-","-","Obsolete","-","-","-","-","-","-","-"
-,-,B59130U1120B70Z5-ND,B59130U1120B70Z5,TDK Electronics Inc.,PTC THERMISTOR,0,0,"Obsolete","0","0","-","-","Obsolete","-","-","-","-","-","-","-"
-,-,B59130U1140B70-ND,B59130U1140B70,TDK Electronics Inc.,PTC THERMISTOR,0,0,"Obsolete","0","0","-","-","Obsolete","-","-","-","-","-","-","-"
-,-,B59130U1140B70Z-ND,B59130U1140B70Z,TDK Electronics Inc.,PTC THERMISTOR,0,0,"Obsolete","0","0","-","-","Obsolete","-","-","-","-","-","-","-"
-,-,B59130U1140B70Z15-ND,B59130U1140B70Z15,TDK Electronics Inc.,PTC THERMISTOR,0,0,"Obsolete","0","0","-","-","Obsolete","-","-","-","-","-","-","-"
-,-,B59130U1140B70Z5-ND,B59130U1140B70Z5,TDK Electronics Inc.,PTC THERMISTOR,0,0,"Obsolete","0","0","-","-","Obsolete","-","-","-","-","-","-","-"
-,-,B59130U1155B70-ND,B59130U1155B70,TDK Electronics Inc.,PTC THERMISTOR,0,0,"Obsolete","0","0","-","-","Obsolete","-","-","-","-","-","-","-"
-,-,B59130U1155B70Z-ND,B59130U1155B70Z,TDK Electronics Inc.,PTC THERMISTOR,0,0,"Obsolete","0","0","-","-","Obsolete","-","-","-","-","-","-","-"
-,-,B59130U1155B70Z15-ND,B59130U1155B70Z15,TDK Electronics Inc.,PTC THERMISTOR,0,0,"Obsolete","0","0","-","-","Obsolete","-","-","-","-","-","-","-"
-,-,B59130U1155B70Z5-ND,B59130U1155B70Z5,TDK Electronics Inc.,PTC THERMISTOR,0,0,"Obsolete","0","0","-","-","Obsolete","-","-","-","-","-","-","-"
-,-,B59130U1170B70-ND,B59130U1170B70,TDK Electronics Inc.,PTC THERMISTOR,0,0,"Obsolete","0","0","-","-","Obsolete","-","-","-","-","-","-","-"
-,-,B59130U1170B70Z-ND,B59130U1170B70Z,TDK Electronics Inc.,PTC THERMISTOR,0,0,"Obsolete","0","0","-","-","Obsolete","-","-","-","-","-","-","-"
-,-,B59130U1170B70Z15-ND,B59130U1170B70Z15,TDK Electronics Inc.,PTC THERMISTOR,0,0,"Obsolete","0","0","-","-","Obsolete","-","-","-","-","-","-","-"
-,-,B59130U1170B70Z5-ND,B59130U1170B70Z5,TDK Electronics Inc.,PTC THERMISTOR,0,0,"Obsolete","0","0","-","-","Obsolete","-","-","-","-","-","-","-"
-,-,B59130U1180B70-ND,B59130U1180B70,TDK Electronics Inc.,PTC THERMISTOR,0,0,"Obsolete","0","0","-","-","Obsolete","-","-","-","-","-","-","-"
-,-,B59130U1180B70Z-ND,B59130U1180B70Z,TDK Electronics Inc.,PTC THERMISTOR,0,0,"Obsolete","0","0","-","-","Obsolete","-","-","-","-","-","-","-"
-,-,B59130U1180B70Z15-ND,B59130U1180B70Z15,TDK Electronics Inc.,PTC THERMISTOR,0,0,"Obsolete","0","0","-","-","Obsolete","-","-","-","-","-","-","-"
-,-,B59130U1180B70Z5-ND,B59130U1180B70Z5,TDK Electronics Inc.,PTC THERMISTOR,0,0,"Obsolete","0","0","-","-","Obsolete","-","-","-","-","-","-","-"
-,-,B59132U1120B70-ND,B59132U1120B70,TDK Electronics Inc.,PTC THERMISTOR,0,0,"Obsolete","0","0","-","-","Obsolete","-","-","-","-","-","-","-"
-,-,B59132U1120B70Z-ND,B59132U1120B70Z,TDK Electronics Inc.,PTC THERMISTOR,0,0,"Obsolete","0","0","-","-","Obsolete","-","-","-","-","-","-","-"
-,-,B59132U1120B70Z15-ND,B59132U1120B70Z15,TDK Electronics Inc.,PTC THERMISTOR,0,0,"Obsolete","0","0","-","-","Obsolete","-","-","-","-","-","-","-"
-,-,B59132U1120B70Z5-ND,B59132U1120B70Z5,TDK Electronics Inc.,PTC THERMISTOR,0,0,"Obsolete","0","0","-","-","Obsolete","-","-","-","-","-","-","-"
-,-,B59133U1110B70-ND,B59133U1110B70,TDK Electronics Inc.,PTC THERMISTOR,0,0,"Obsolete","0","0","-","-","Obsolete","-","-","-","-","-","-","-"
-,-,B59133U1110B70Z-ND,B59133U1110B70Z,TDK Electronics Inc.,PTC THERMISTOR,0,0,"Obsolete","0","0","-","-","Obsolete","-","-","-","-","-","-","-"
-,-,B59133U1110B70Z15-ND,B59133U1110B70Z15,TDK Electronics Inc.,PTC THERMISTOR,0,0,"Obsolete","0","0","-","-","Obsolete","-","-","-","-","-","-","-"
-,-,B59133U1110B70Z5-ND,B59133U1110B70Z5,TDK Electronics Inc.,PTC THERMISTOR,0,0,"Obsolete","0","0","-","-","Obsolete","-","-","-","-","-","-","-"
-,-,B59140U1130B70-ND,B59140U1130B70,TDK Electronics Inc.,PTC THERMISTOR,0,0,"Obsolete","0","0","-","-","Obsolete","-","-","-","-","-","-","-"
-,-,B59140U1130B70Z-ND,B59140U1130B70Z,TDK Electronics Inc.,PTC THERMISTOR,0,0,"Obsolete","0","0","-","-","Obsolete","-","-","-","-","-","-","-"
-,-,B59140U1130B70Z15-ND,B59140U1130B70Z15,TDK Electronics Inc.,PTC THERMISTOR,0,0,"Obsolete","0","0","-","-","Obsolete","-","-","-","-","-","-","-"
-,-,B59140U1130B70Z5-ND,B59140U1130B70Z5,TDK Electronics Inc.,PTC THERMISTOR,0,0,"Obsolete","0","0","-","-","Obsolete","-","-","-","-","-","-","-"
-,-,B59140U1155B70-ND,B59140U1155B70,TDK Electronics Inc.,PTC THERMISTOR,0,0,"Obsolete","0","0","-","-","Obsolete","-","-","-","-","-","-","-"
-,-,B59140U1155B70Z-ND,B59140U1155B70Z,TDK Electronics Inc.,PTC THERMISTOR,0,0,"Obsolete","0","0","-","-","Obsolete","-","-","-","-","-","-","-"
-,-,B59140U1155B70Z15-ND,B59140U1155B70Z15,TDK Electronics Inc.,PTC THERMISTOR,0,0,"Obsolete","0","0","-","-","Obsolete","-","-","-","-","-","-","-"
-,-,B59140U1155B70Z5-ND,B59140U1155B70Z5,TDK Electronics Inc.,PTC THERMISTOR,0,0,"Obsolete","0","0","-","-","Obsolete","-","-","-","-","-","-","-"
-,-,B59141U1130B70-ND,B59141U1130B70,TDK Electronics Inc.,PTC THERMISTOR,0,0,"Obsolete","0","0","-","-","Obsolete","-","-","-","-","-","-","-"
-,-,B59141U1130B70Z-ND,B59141U1130B70Z,TDK Electronics Inc.,PTC THERMISTOR,0,0,"Obsolete","0","0","-","-","Obsolete","-","-","-","-","-","-","-"
-,-,B59141U1130B70Z15-ND,B59141U1130B70Z15,TDK Electronics Inc.,PTC THERMISTOR,0,0,"Obsolete","0","0","-","-","Obsolete","-","-","-","-","-","-","-"
-,-,B59141U1130B70Z5-ND,B59141U1130B70Z5,TDK Electronics Inc.,PTC THERMISTOR,0,0,"Obsolete","0","0","-","-","Obsolete","-","-","-","-","-","-","-"
-,-,B59142U120B53-ND,B59142U120B53,TDK Electronics Inc.,PTC THERMISTOR,0,0,"Obsolete","0","0","-","-","Obsolete","-","-","-","-","-","-","-"
-,-,B59142U120B53Z-ND,B59142U120B53Z,TDK Electronics Inc.,PTC THERMISTOR,0,0,"Obsolete","0","0","-","-","Obsolete","-","-","-","-","-","-","-"
-,-,B59142U120B53Z15-ND,B59142U120B53Z15,TDK Electronics Inc.,PTC THERMISTOR,0,0,"Obsolete","0","0","-","-","Obsolete","-","-","-","-","-","-","-"
-,-,B59142U120B53Z5-ND,B59142U120B53Z5,TDK Electronics Inc.,PTC THERMISTOR,0,0,"Obsolete","0","0","-","-","Obsolete","-","-","-","-","-","-","-"
-,-,B59148A270A10-ND,B59148A270A10,TDK Electronics Inc.,PTC THERMISTOR,0,0,"Obsolete","0","0","-","-","Obsolete","-","-","-","-","-","-","-"
-,-,B59148U290B10-ND,B59148U290B10,TDK Electronics Inc.,PTC THERMISTOR,0,0,"Obsolete","0","0","-","-","Obsolete","-","-","-","-","-","-","-"
-,-,B59150U1140B40-ND,B59150U1140B40,TDK Electronics Inc.,PTC THERMISTOR,0,0,"Obsolete","0","0","-","-","Obsolete","-","-","-","-","-","-","-"
-,-,B59150U1140B40Z-ND,B59150U1140B40Z,TDK Electronics Inc.,PTC THERMISTOR,0,0,"Obsolete","0","0","-","-","Obsolete","-","-","-","-","-","-","-"
-,-,B59150U1140B40Z15-ND,B59150U1140B40Z15,TDK Electronics Inc.,PTC THERMISTOR,0,0,"Obsolete","0","0","-","-","Obsolete","-","-","-","-","-","-","-"
-,-,B59150U1140B40Z5-ND,B59150U1140B40Z5,TDK Electronics Inc.,PTC THERMISTOR,0,0,"Obsolete","0","0","-","-","Obsolete","-","-","-","-","-","-","-"
-,-,B59151U1110B70-ND,B59151U1110B70,TDK Electronics Inc.,PTC THERMISTOR,0,0,"Obsolete","0","0","-","-","Obsolete","-","-","-","-","-","-","-"
-,-,B59151U1110B70Z-ND,B59151U1110B70Z,TDK Electronics Inc.,PTC THERMISTOR,0,0,"Obsolete","0","0","-","-","Obsolete","-","-","-","-","-","-","-"
-,-,B59151U1110B70Z15-ND,B59151U1110B70Z15,TDK Electronics Inc.,PTC THERMISTOR,0,0,"Obsolete","0","0","-","-","Obsolete","-","-","-","-","-","-","-"
-,-,B59151U1110B70Z5-ND,B59151U1110B70Z5,TDK Electronics Inc.,PTC THERMISTOR,0,0,"Obsolete","0","0","-","-","Obsolete","-","-","-","-","-","-","-"
-,-,B59151U1130B70-ND,B59151U1130B70,TDK Electronics Inc.,PTC THERMISTOR,0,0,"Obsolete","0","0","-","-","Obsolete","-","-","-","-","-","-","-"
-,-,B59151U1130B70Z-ND,B59151U1130B70Z,TDK Electronics Inc.,PTC THERMISTOR,0,0,"Obsolete","0","0","-","-","Obsolete","-","-","-","-","-","-","-"
-,-,B59151U1130B70Z15-ND,B59151U1130B70Z15,TDK Electronics Inc.,PTC THERMISTOR,0,0,"Obsolete","0","0","-","-","Obsolete","-","-","-","-","-","-","-"
-,-,B59151U1130B70Z5-ND,B59151U1130B70Z5,TDK Electronics Inc.,PTC THERMISTOR,0,0,"Obsolete","0","0","-","-","Obsolete","-","-","-","-","-","-","-"
-,-,B59151U1140B70-ND,B59151U1140B70,TDK Electronics Inc.,PTC THERMISTOR,0,0,"Obsolete","0","0","-","-","Obsolete","-","-","-","-","-","-","-"
-,-,B59151U1140B70Z-ND,B59151U1140B70Z,TDK Electronics Inc.,PTC THERMISTOR,0,0,"Obsolete","0","0","-","-","Obsolete","-","-","-","-","-","-","-"
-,-,B59151U1140B70Z15-ND,B59151U1140B70Z15,TDK Electronics Inc.,PTC THERMISTOR,0,0,"Obsolete","0","0","-","-","Obsolete","-","-","-","-","-","-","-"
-,-,B59151U1140B70Z5-ND,B59151U1140B70Z5,TDK Electronics Inc.,PTC THERMISTOR,0,0,"Obsolete","0","0","-","-","Obsolete","-","-","-","-","-","-","-"
-,-,B59151U1160B70-ND,B59151U1160B70,TDK Electronics Inc.,PTC THERMISTOR,0,0,"Obsolete","0","0","-","-","Obsolete","-","-","-","-","-","-","-"
-,-,B59151U1160B70Z-ND,B59151U1160B70Z,TDK Electronics Inc.,PTC THERMISTOR,0,0,"Obsolete","0","0","-","-","Obsolete","-","-","-","-","-","-","-"
-,-,B59151U1160B70Z15-ND,B59151U1160B70Z15,TDK Electronics Inc.,PTC THERMISTOR,0,0,"Obsolete","0","0","-","-","Obsolete","-","-","-","-","-","-","-"
-,-,B59151U1160B70Z5-ND,B59151U1160B70Z5,TDK Electronics Inc.,PTC THERMISTOR,0,0,"Obsolete","0","0","-","-","Obsolete","-","-","-","-","-","-","-"
-,-,B59151U1180B70-ND,B59151U1180B70,TDK Electronics Inc.,PTC THERMISTOR,0,0,"Obsolete","0","0","-","-","Obsolete","-","-","-","-","-","-","-"
-,-,B59151U1180B70Z-ND,B59151U1180B70Z,TDK Electronics Inc.,PTC THERMISTOR,0,0,"Obsolete","0","0","-","-","Obsolete","-","-","-","-","-","-","-"
-,-,B59151U1180B70Z15-ND,B59151U1180B70Z15,TDK Electronics Inc.,PTC THERMISTOR,0,0,"Obsolete","0","0","-","-","Obsolete","-","-","-","-","-","-","-"
-,-,B59151U1180B70Z5-ND,B59151U1180B70Z5,TDK Electronics Inc.,PTC THERMISTOR,0,0,"Obsolete","0","0","-","-","Obsolete","-","-","-","-","-","-","-"
-,-,B59154C1130B151Z5-ND,B59154C1130B151Z5,TDK Electronics Inc.,PTC THERMISTOR,0,0,"Obsolete","0","0","-","-","Obsolete","50 Ohms","-","-","-","-","-","-"
-,-,B59157F270B10-ND,B59157F270B10,TDK Electronics Inc.,PTC THERMISTOR,0,0,"Obsolete","0","0","-","-","Obsolete","-","-","-","-","-","-","-"
-,-,B59157F270B10V60-ND,B59157F270B10V60,TDK Electronics Inc.,PTC THERMISTOR,0,0,"Obsolete","0","0","-","-","Obsolete","-","-","-","-","-","-","-"
-,-,B59164U1120B70-ND,B59164U1120B70,TDK Electronics Inc.,PTC THERMISTOR,0,0,"Obsolete","0","0","-","-","Obsolete","-","-","-","-","-","-","-"
-,-,B59164U1120B70Z-ND,B59164U1120B70Z,TDK Electronics Inc.,PTC THERMISTOR,0,0,"Obsolete","0","0","-","-","Obsolete","-","-","-","-","-","-","-"
-,-,B59164U1120B70Z15-ND,B59164U1120B70Z15,TDK Electronics Inc.,PTC THERMISTOR,0,0,"Obsolete","0","0","-","-","Obsolete","-","-","-","-","-","-","-"
-,-,B59164U1120B70Z5-ND,B59164U1120B70Z5,TDK Electronics Inc.,PTC THERMISTOR,0,0,"Obsolete","0","0","-","-","Obsolete","-","-","-","-","-","-","-"
-,-,B59168S1120B70-ND,B59168S1120B70,TDK Electronics Inc.,PTC THERMISTOR,0,0,"Obsolete","0","0","-","-","Obsolete","-","-","-","-","-","-","-"
-,-,B59168S1120B70Z-ND,B59168S1120B70Z,TDK Electronics Inc.,PTC THERMISTOR,0,0,"Obsolete","0","0","-","-","Obsolete","-","-","-","-","-","-","-"
-,-,B59168S1120B70Z15-ND,B59168S1120B70Z15,TDK Electronics Inc.,PTC THERMISTOR,0,0,"Obsolete","0","0","-","-","Obsolete","-","-","-","-","-","-","-"
-,-,B59168S1120B70Z5-ND,B59168S1120B70Z5,TDK Electronics Inc.,PTC THERMISTOR,0,0,"Obsolete","0","0","-","-","Obsolete","-","-","-","-","-","-","-"
-,-,B59171U120B70-ND,B59171U120B70,TDK Electronics Inc.,PTC THERMISTOR,0,0,"Obsolete","0","0","-","-","Obsolete","-","-","-","-","-","-","-"
-,-,B59171U120B70Z-ND,B59171U120B70Z,TDK Electronics Inc.,PTC THERMISTOR,0,0,"Obsolete","0","0","-","-","Obsolete","-","-","-","-","-","-","-"
-,-,B59171U120B70Z15-ND,B59171U120B70Z15,TDK Electronics Inc.,PTC THERMISTOR,0,0,"Obsolete","0","0","-","-","Obsolete","-","-","-","-","-","-","-"
-,-,B59171U120B70Z5-ND,B59171U120B70Z5,TDK Electronics Inc.,PTC THERMISTOR,0,0,"Obsolete","0","0","-","-","Obsolete","-","-","-","-","-","-","-"
-,-,B59172C1130A151-ND,B59172C1130A151,TDK Electronics Inc.,PTC THERMISTOR,0,0,"Obsolete","0","0","-","-","Obsolete","50 Ohms","-","-","-","-","-","-"
-,-,B59172C1130A151Z15-ND,B59172C1130A151Z15,TDK Electronics Inc.,PTC THERMISTOR,0,0,"Obsolete","0","0","-","-","Obsolete","-","-","-","-","-","-","-"
-,-,B59172C1130A151Z5-ND,B59172C1130A151Z5,TDK Electronics Inc.,PTC THERMISTOR,0,0,"Obsolete","0","0","-","-","Obsolete","-","-","-","-","-","-","-"
-,-,B59172R150B10-ND,B59172R150B10,TDK Electronics Inc.,PTC THERMISTOR,0,0,"Obsolete","0","0","-","-","Obsolete","-","-","-","-","-","-","-"
-,-,B59172R150B10V60-ND,B59172R150B10V60,TDK Electronics Inc.,PTC THERMISTOR,0,0,"Obsolete","0","0","-","-","Obsolete","-","-","-","-","-","-","-"
-,-,B59172R180B10-ND,B59172R180B10,TDK Electronics Inc.,PTC THERMISTOR,0,0,"Obsolete","0","0","-","-","Obsolete","-","-","-","-","-","-","-"
-,-,B59172R180B10V60-ND,B59172R180B10V60,TDK Electronics Inc.,PTC THERMISTOR,0,0,"Obsolete","0","0","-","-","Obsolete","-","-","-","-","-","-","-"
-,-,B59172R50B10-ND,B59172R50B10,TDK Electronics Inc.,PTC THERMISTOR,0,0,"Obsolete","0","0","-","-","Obsolete","-","-","-","-","-","-","-"
-,-,B59172R50B10V60-ND,B59172R50B10V60,TDK Electronics Inc.,PTC THERMISTOR,0,0,"Obsolete","0","0","-","-","Obsolete","-","-","-","-","-","-","-"
-,-,B59173C1150A151-ND,B59173C1150A151,TDK Electronics Inc.,PTC THERMISTOR,0,0,"Obsolete","0","0","-","-","Obsolete","-","-","-","-","-","-","-"
-,-,B59173C1150A151Z15-ND,B59173C1150A151Z15,TDK Electronics Inc.,PTC THERMISTOR,0,0,"Obsolete","0","0","-","-","Obsolete","-","-","-","-","-","-","-"
-,-,B59173C1150A151Z5-ND,B59173C1150A151Z5,TDK Electronics Inc.,PTC THERMISTOR,0,0,"Obsolete","0","0","-","-","Obsolete","-","-","-","-","-","-","-"
-,-,B59179U120B70-ND,B59179U120B70,TDK Electronics Inc.,PTC THERMISTOR,0,0,"Obsolete","0","0","-","-","Obsolete","-","-","-","-","-","-","-"
-,-,B59179U120B70V30-ND,B59179U120B70V30,TDK Electronics Inc.,PTC THERMISTOR,0,0,"Obsolete","0","0","-","-","Obsolete","-","-","-","-","-","-","-"
-,-,B59179U120B70V57-ND,B59179U120B70V57,TDK Electronics Inc.,PTC THERMISTOR,0,0,"Obsolete","0","0","-","-","Obsolete","-","-","-","-","-","-","-"
-,-,B59179U120B70Z-ND,B59179U120B70Z,TDK Electronics Inc.,PTC THERMISTOR,0,0,"Obsolete","0","0","-","-","Obsolete","-","-","-","-","-","-","-"
-,-,B59179U120B70Z15-ND,B59179U120B70Z15,TDK Electronics Inc.,PTC THERMISTOR,0,0,"Obsolete","0","0","-","-","Obsolete","-","-","-","-","-","-","-"
-,-,B59179U120B70Z5-ND,B59179U120B70Z5,TDK Electronics Inc.,PTC THERMISTOR,0,0,"Obsolete","0","0","-","-","Obsolete","-","-","-","-","-","-","-"
-,-,B59181S1120B70-ND,B59181S1120B70,TDK Electronics Inc.,PTC THERMISTOR,0,0,"Obsolete","0","0","-","-","Obsolete","-","-","-","-","-","-","-"
-,-,B59181S1120B70Z-ND,B59181S1120B70Z,TDK Electronics Inc.,PTC THERMISTOR,0,0,"Obsolete","0","0","-","-","Obsolete","-","-","-","-","-","-","-"
-,-,B59181S1120B70Z15-ND,B59181S1120B70Z15,TDK Electronics Inc.,PTC THERMISTOR,0,0,"Obsolete","0","0","-","-","Obsolete","-","-","-","-","-","-","-"
-,-,B59181S1120B70Z5-ND,B59181S1120B70Z5,TDK Electronics Inc.,PTC THERMISTOR,0,0,"Obsolete","0","0","-","-","Obsolete","-","-","-","-","-","-","-"
-,-,B59200A1090A40-ND,B59200A1090A40,TDK Electronics Inc.,PTC THERMISTOR,0,0,"Obsolete","0","0","-","-","Obsolete","-","-","-","-","-","-","-"
-,-,B59200A1090A40Z5-ND,B59200A1090A40Z5,TDK Electronics Inc.,PTC THERMISTOR,0,0,"Obsolete","0","0","-","-","Obsolete","-","-","-","-","-","-","-"
-,-,B59200A1110A40-ND,B59200A1110A40,TDK Electronics Inc.,PTC THERMISTOR,0,0,"Obsolete","0","0","-","-","Obsolete","-","-","-","-","-","-","-"
-,-,B59200A1110A40Z-ND,B59200A1110A40Z,TDK Electronics Inc.,PTC THERMISTOR,0,0,"Obsolete","0","0","-","-","Obsolete","-","-","-","-","-","-","-"
-,-,B59200A1110A40Z15-ND,B59200A1110A40Z15,TDK Electronics Inc.,PTC THERMISTOR,0,0,"Obsolete","0","0","-","-","Obsolete","-","-","-","-","-","-","-"
-,-,B59200A1110A40Z5-ND,B59200A1110A40Z5,TDK Electronics Inc.,PTC THERMISTOR,0,0,"Obsolete","0","0","-","-","Obsolete","-","-","-","-","-","-","-"
-,-,B59228U120B70-ND,B59228U120B70,TDK Electronics Inc.,PTC THERMISTOR,0,0,"Obsolete","0","0","-","-","Obsolete","-","-","-","-","-","-","-"
-,-,B59228U120B70Z-ND,B59228U120B70Z,TDK Electronics Inc.,PTC THERMISTOR,0,0,"Obsolete","0","0","-","-","Obsolete","-","-","-","-","-","-","-"
-,-,B59228U120B70Z15-ND,B59228U120B70Z15,TDK Electronics Inc.,PTC THERMISTOR,0,0,"Obsolete","0","0","-","-","Obsolete","-","-","-","-","-","-","-"
-,-,B59228U120B70Z5-ND,B59228U120B70Z5,TDK Electronics Inc.,PTC THERMISTOR,0,0,"Obsolete","0","0","-","-","Obsolete","-","-","-","-","-","-","-"
-,-,B59235U1120B51-ND,B59235U1120B51,TDK Electronics Inc.,PTC THERMISTOR,0,0,"Obsolete","0","0","-","-","Obsolete","-","-","-","-","-","-","-"
-,-,B59235U1120B51Z-ND,B59235U1120B51Z,TDK Electronics Inc.,PTC THERMISTOR,0,0,"Obsolete","0","0","-","-","Obsolete","-","-","-","-","-","-","-"
-,-,B59235U1120B51Z15-ND,B59235U1120B51Z15,TDK Electronics Inc.,PTC THERMISTOR,0,0,"Obsolete","0","0","-","-","Obsolete","-","-","-","-","-","-","-"
-,-,B59235U1120B51Z5-ND,B59235U1120B51Z5,TDK Electronics Inc.,PTC THERMISTOR,0,0,"Obsolete","0","0","-","-","Obsolete","-","-","-","-","-","-","-"
-,-,B59251U1080B70-ND,B59251U1080B70,TDK Electronics Inc.,PTC THERMISTOR,0,0,"Obsolete","0","0","-","-","Obsolete","-","-","-","-","-","-","-"
-,-,B59251U1080B70Z-ND,B59251U1080B70Z,TDK Electronics Inc.,PTC THERMISTOR,0,0,"Obsolete","0","0","-","-","Obsolete","-","-","-","-","-","-","-"
-,-,B59251U1080B70Z15-ND,B59251U1080B70Z15,TDK Electronics Inc.,PTC THERMISTOR,0,0,"Obsolete","0","0","-","-","Obsolete","-","-","-","-","-","-","-"
-,-,B59251U1080B70Z5-ND,B59251U1080B70Z5,TDK Electronics Inc.,PTC THERMISTOR,0,0,"Obsolete","0","0","-","-","Obsolete","-","-","-","-","-","-","-"
-,-,B59252U1080B70-ND,B59252U1080B70,TDK Electronics Inc.,PTC THERMISTOR,0,0,"Obsolete","0","0","-","-","Obsolete","-","-","-","-","-","-","-"
-,-,B59252U1080B70Z-ND,B59252U1080B70Z,TDK Electronics Inc.,PTC THERMISTOR,0,0,"Obsolete","0","0","-","-","Obsolete","-","-","-","-","-","-","-"
-,-,B59252U1080B70Z15-ND,B59252U1080B70Z15,TDK Electronics Inc.,PTC THERMISTOR,0,0,"Obsolete","0","0","-","-","Obsolete","-","-","-","-","-","-","-"
-,-,B59252U1080B70Z5-ND,B59252U1080B70Z5,TDK Electronics Inc.,PTC THERMISTOR,0,0,"Obsolete","0","0","-","-","Obsolete","-","-","-","-","-","-","-"
-,-,B59300M1070B140-ND,B59300M1070B140,TDK Electronics Inc.,PTC THERMISTOR,0,0,"Obsolete","0","0","-","-","Obsolete","300 Ohms","-","-","-","-","-","-"
-,-,B59300M1070B140Z15-ND,B59300M1070B140Z15,TDK Electronics Inc.,PTC THERMISTOR,0,0,"Obsolete","0","0","-","-","Obsolete","300 Ohms","-","-","-","-","-","-"
-,-,B59300M1080B140-ND,B59300M1080B140,TDK Electronics Inc.,PTC THERMISTOR,0,0,"Obsolete","0","0","-","-","Obsolete","300 Ohms","-","90°C ~ 160°C","-","PCB, Through Hole","Radial","-"
-,-,B59300M1080B140Z15-ND,B59300M1080B140Z15,TDK Electronics Inc.,PTC THERMISTOR,0,0,"Obsolete","0","0","-","-","Obsolete","300 Ohms","-","-","-","-","-","-"
-,-,B59300M1090A70Z-ND,B59300M1090A70Z,TDK Electronics Inc.,PTC THERMISTOR,0,0,"Obsolete","0","0","-","-","Obsolete","300 Ohms","-","90°C ~ 160°C","-","PCB, Through Hole","Radial","-"
-,-,B59300M1090A70Z15-ND,B59300M1090A70Z15,TDK Electronics Inc.,PTC THERMISTOR,0,0,"Obsolete","0","0","-","-","Obsolete","300 Ohms","-","90°C ~ 160°C","-","PCB, Through Hole","Radial","-"
-,-,B59300M1090A70Z5-ND,B59300M1090A70Z5,TDK Electronics Inc.,PTC THERMISTOR,0,0,"Obsolete","0","0","-","-","Obsolete","300 Ohms","-","90°C ~ 160°C","-","PCB, Through Hole","Radial","-"
-,-,B59300M1090B140-ND,B59300M1090B140,TDK Electronics Inc.,PTC THERMISTOR,0,0,"Obsolete","0","0","-","-","Obsolete","300 Ohms","-","-","-","-","-","-"
-,-,B59300M1090B140Z15-ND,B59300M1090B140Z15,TDK Electronics Inc.,PTC THERMISTOR,0,0,"Obsolete","0","0","-","-","Obsolete","300 Ohms","-","-","-","-","-","-"
-,-,B59300M1100B140-ND,B59300M1100B140,TDK Electronics Inc.,PTC THERMISTOR,0,0,"Obsolete","0","0","-","-","Obsolete","300 Ohms","-","-","-","-","-","-"
-,-,B59300M1100B140Z15-ND,B59300M1100B140Z15,TDK Electronics Inc.,PTC THERMISTOR,0,0,"Obsolete","0","0","-","-","Obsolete","300 Ohms","-","-","-","-","-","-"
-,-,B59300M1110B140-ND,B59300M1110B140,TDK Electronics Inc.,PTC THERMISTOR,0,0,"Obsolete","0","0","-","-","Obsolete","300 Ohms","-","-","-","-","-","-"
-,-,B59300M1110B140Z15-ND,B59300M1110B140Z15,TDK Electronics Inc.,PTC THERMISTOR,0,0,"Obsolete","0","0","-","-","Obsolete","300 Ohms","-","-","-","-","-","-"
-,-,B59300M1120B140-ND,B59300M1120B140,TDK Electronics Inc.,PTC THERMISTOR,0,0,"Obsolete","0","0","-","-","Obsolete","300 Ohms","-","-","-","-","-","-"
-,-,B59300M1120B140Z15-ND,B59300M1120B140Z15,TDK Electronics Inc.,PTC THERMISTOR,0,0,"Obsolete","0","0","-","-","Obsolete","300 Ohms","-","-","-","-","-","-"
-,-,B59300M1130B140-ND,B59300M1130B140,TDK Electronics Inc.,PTC THERMISTOR,0,0,"Obsolete","0","0","-","-","Obsolete","300 Ohms","-","90°C ~ 160°C","-","PCB, Through Hole","Radial","-"
-,-,B59300M1130B140Z15-ND,B59300M1130B140Z15,TDK Electronics Inc.,PTC THERMISTOR,0,0,"Obsolete","0","0","-","-","Obsolete","300 Ohms","-","-","-","-","-","-"
-,-,B59300M1140B140-ND,B59300M1140B140,TDK Electronics Inc.,PTC THERMISTOR,0,0,"Obsolete","0","0","-","-","Obsolete","300 Ohms","-","-","-","-","-","-"
-,-,B59300M1140B140Z15-ND,B59300M1140B140Z15,TDK Electronics Inc.,PTC THERMISTOR,0,0,"Obsolete","0","0","-","-","Obsolete","300 Ohms","-","90°C ~ 160°C","-","PCB, Through Hole","Radial","-"
-,-,B59300M1145B140-ND,B59300M1145B140,TDK Electronics Inc.,PTC THERMISTOR,0,0,"Obsolete","0","0","-","-","Obsolete","300 Ohms","-","90°C ~ 160°C","-","PCB, Through Hole","Radial","-"
-,-,B59300M1145B140Z15-ND,B59300M1145B140Z15,TDK Electronics Inc.,PTC THERMISTOR,0,0,"Obsolete","0","0","-","-","Obsolete","300 Ohms","-","-","-","-","-","-"
-,-,B59300M1150B140-ND,B59300M1150B140,TDK Electronics Inc.,PTC THERMISTOR,0,0,"Obsolete","0","0","-","-","Obsolete","300 Ohms","-","-","-","-","-","-"
-,-,B59300M1150B140Z15-ND,B59300M1150B140Z15,TDK Electronics Inc.,PTC THERMISTOR,0,0,"Obsolete","0","0","-","-","Obsolete","300 Ohms","-","90°C ~ 160°C","-","PCB, Through Hole","Radial","-"
-,-,B59300M1155B140-ND,B59300M1155B140,TDK Electronics Inc.,PTC THERMISTOR,0,0,"Obsolete","0","0","-","-","Obsolete","300 Ohms","-","-","-","-","-","-"
-,-,B59300M1155B140Z15-ND,B59300M1155B140Z15,TDK Electronics Inc.,PTC THERMISTOR,0,0,"Obsolete","0","0","-","-","Obsolete","300 Ohms","-","-","-","-","-","-"
-,-,B59300M1160B140-ND,B59300M1160B140,TDK Electronics Inc.,PTC THERMISTOR,0,0,"Obsolete","0","0","-","-","Obsolete","300 Ohms","-","-","-","-","-","-"
-,-,B59300M1160B140Z15-ND,B59300M1160B140Z15,TDK Electronics Inc.,PTC THERMISTOR,0,0,"Obsolete","0","0","-","-","Obsolete","300 Ohms","-","-","-","-","-","-"
-,-,B59300M1180B140-ND,B59300M1180B140,TDK Electronics Inc.,PTC THERMISTOR,0,0,"Obsolete","0","0","-","-","Obsolete","300 Ohms","-","-","-","-","-","-"
-,-,B59300M1180B140Z15-ND,B59300M1180B140Z15,TDK Electronics Inc.,PTC THERMISTOR,0,0,"Obsolete","0","0","-","-","Obsolete","300 Ohms","-","90°C ~ 160°C","-","PCB, Through Hole","Radial","-"
-,-,B59300M1190A70Z-ND,B59300M1190A70Z,TDK Electronics Inc.,PTC THERMISTOR,0,0,"Obsolete","0","0","-","-","Obsolete","300 Ohms","-","-","-","-","-","-"
-,-,B59300M1190A70Z15-ND,B59300M1190A70Z15,TDK Electronics Inc.,PTC THERMISTOR,0,0,"Obsolete","0","0","-","-","Obsolete","300 Ohms","-","90°C ~ 160°C","-","PCB, Through Hole","Radial","-"
-,-,B59300M1190A70Z5-ND,B59300M1190A70Z5,TDK Electronics Inc.,PTC THERMISTOR,0,0,"Obsolete","0","0","-","-","Obsolete","300 Ohms","-","90°C ~ 160°C","-","PCB, Through Hole","Radial","-"
-,-,B59303M1110B70-ND,B59303M1110B70,TDK Electronics Inc.,PTC THERMISTOR,0,0,"Obsolete","0","0","-","-","Obsolete","-","-","-","-","-","-","-"
-,-,B59303M1110B70Z-ND,B59303M1110B70Z,TDK Electronics Inc.,PTC THERMISTOR,0,0,"Obsolete","0","0","-","-","Obsolete","-","-","-","-","-","-","-"
-,-,B59303M1110B70Z15-ND,B59303M1110B70Z15,TDK Electronics Inc.,PTC THERMISTOR,0,0,"Obsolete","0","0","-","-","Obsolete","-","-","-","-","-","-","-"
-,-,B59303M1110B70Z5-ND,B59303M1110B70Z5,TDK Electronics Inc.,PTC THERMISTOR,0,0,"Obsolete","0","0","-","-","Obsolete","-","-","-","-","-","-","-"
-,-,B59303M1120B70-ND,B59303M1120B70,TDK Electronics Inc.,PTC THERMISTOR,0,0,"Obsolete","0","0","-","-","Obsolete","-","-","-","-","-","-","-"
-,-,B59303M1120B70Z15-ND,B59303M1120B70Z15,TDK Electronics Inc.,PTC THERMISTOR,0,0,"Obsolete","0","0","-","-","Obsolete","-","-","-","-","-","-","-"
-,-,B59303M1120B70Z5-ND,B59303M1120B70Z5,TDK Electronics Inc.,PTC THERMISTOR,0,0,"Obsolete","0","0","-","-","Obsolete","-","-","-","-","-","-","-"
-,-,B59310U1140B70-ND,B59310U1140B70,TDK Electronics Inc.,PTC THERMISTOR,0,0,"Obsolete","0","0","-","-","Obsolete","-","-","-","-","-","-","-"
-,-,B59310U1140B70Z-ND,B59310U1140B70Z,TDK Electronics Inc.,PTC THERMISTOR,0,0,"Obsolete","0","0","-","-","Obsolete","-","-","-","-","-","-","-"
-,-,B59310U1140B70Z15-ND,B59310U1140B70Z15,TDK Electronics Inc.,PTC THERMISTOR,0,0,"Obsolete","0","0","-","-","Obsolete","-","-","-","-","-","-","-"
-,-,B59310U1140B70Z5-ND,B59310U1140B70Z5,TDK Electronics Inc.,PTC THERMISTOR,0,0,"Obsolete","0","0","-","-","Obsolete","-","-","-","-","-","-","-"
-,-,B59310U1150B70-ND,B59310U1150B70,TDK Electronics Inc.,PTC THERMISTOR,0,0,"Obsolete","0","0","-","-","Obsolete","-","-","-","-","-","-","-"
-,-,B59310U1150B70Z-ND,B59310U1150B70Z,TDK Electronics Inc.,PTC THERMISTOR,0,0,"Obsolete","0","0","-","-","Obsolete","-","-","-","-","-","-","-"
-,-,B59310U1150B70Z15-ND,B59310U1150B70Z15,TDK Electronics Inc.,PTC THERMISTOR,0,0,"Obsolete","0","0","-","-","Obsolete","-","-","-","-","-","-","-"
-,-,B59310U1150B70Z5-ND,B59310U1150B70Z5,TDK Electronics Inc.,PTC THERMISTOR,0,0,"Obsolete","0","0","-","-","Obsolete","-","-","-","-","-","-","-"
-,-,B59310U1160B70-ND,B59310U1160B70,TDK Electronics Inc.,PTC THERMISTOR,0,0,"Obsolete","0","0","-","-","Obsolete","-","-","-","-","-","-","-"
-,-,B59310U1160B70Z-ND,B59310U1160B70Z,TDK Electronics Inc.,PTC THERMISTOR,0,0,"Obsolete","0","0","-","-","Obsolete","-","-","-","-","-","-","-"
-,-,B59310U1160B70Z15-ND,B59310U1160B70Z15,TDK Electronics Inc.,PTC THERMISTOR,0,0,"Obsolete","0","0","-","-","Obsolete","-","-","-","-","-","-","-"
-,-,B59310U1160B70Z5-ND,B59310U1160B70Z5,TDK Electronics Inc.,PTC THERMISTOR,0,0,"Obsolete","0","0","-","-","Obsolete","-","-","-","-","-","-","-"
-,-,B59310U1180B70-ND,B59310U1180B70,TDK Electronics Inc.,PTC THERMISTOR,0,0,"Obsolete","0","0","-","-","Obsolete","-","-","-","-","-","-","-"
-,-,B59310U1180B70Z-ND,B59310U1180B70Z,TDK Electronics Inc.,PTC THERMISTOR,0,0,"Obsolete","0","0","-","-","Obsolete","-","-","-","-","-","-","-"
-,-,B59310U1180B70Z15-ND,B59310U1180B70Z15,TDK Electronics Inc.,PTC THERMISTOR,0,0,"Obsolete","0","0","-","-","Obsolete","-","-","-","-","-","-","-"
-,-,B59310U1180B70Z5-ND,B59310U1180B70Z5,TDK Electronics Inc.,PTC THERMISTOR,0,0,"Obsolete","0","0","-","-","Obsolete","-","-","-","-","-","-","-"
-,-,B59311U1110B70-ND,B59311U1110B70,TDK Electronics Inc.,PTC THERMISTOR,0,0,"Obsolete","0","0","-","-","Obsolete","-","-","-","-","-","-","-"
-,-,B59311U1110B70Z-ND,B59311U1110B70Z,TDK Electronics Inc.,PTC THERMISTOR,0,0,"Obsolete","0","0","-","-","Obsolete","-","-","-","-","-","-","-"
-,-,B59311U1110B70Z15-ND,B59311U1110B70Z15,TDK Electronics Inc.,PTC THERMISTOR,0,0,"Obsolete","0","0","-","-","Obsolete","-","-","-","-","-","-","-"
-,-,B59311U1110B70Z5-ND,B59311U1110B70Z5,TDK Electronics Inc.,PTC THERMISTOR,0,0,"Obsolete","0","0","-","-","Obsolete","-","-","-","-","-","-","-"
-,-,B59312U1120B70-ND,B59312U1120B70,TDK Electronics Inc.,PTC THERMISTOR,0,0,"Obsolete","0","0","-","-","Obsolete","-","-","-","-","-","-","-"
-,-,B59312U1120B70Z15-ND,B59312U1120B70Z15,TDK Electronics Inc.,PTC THERMISTOR,0,0,"Obsolete","0","0","-","-","Obsolete","-","-","-","-","-","-","-"
-,-,B59312U1120B70Z5-ND,B59312U1120B70Z5,TDK Electronics Inc.,PTC THERMISTOR,0,0,"Obsolete","0","0","-","-","Obsolete","-","-","-","-","-","-","-"
-,-,B59312U1130B70-ND,B59312U1130B70,TDK Electronics Inc.,PTC THERMISTOR,0,0,"Obsolete","0","0","-","-","Obsolete","-","-","-","-","-","-","-"
-,-,B59312U1130B70Z15-ND,B59312U1130B70Z15,TDK Electronics Inc.,PTC THERMISTOR,0,0,"Obsolete","0","0","-","-","Obsolete","-","-","-","-","-","-","-"
-,-,B59312U1130B70Z5-ND,B59312U1130B70Z5,TDK Electronics Inc.,PTC THERMISTOR,0,0,"Obsolete","0","0","-","-","Obsolete","-","-","-","-","-","-","-"
-,-,B59312U1140B70-ND,B59312U1140B70,TDK Electronics Inc.,PTC THERMISTOR,0,0,"Obsolete","0","0","-","-","Obsolete","-","-","-","-","-","-","-"
-,-,B59312U1140B70Z-ND,B59312U1140B70Z,TDK Electronics Inc.,PTC THERMISTOR,0,0,"Obsolete","0","0","-","-","Obsolete","-","-","-","-","-","-","-"
-,-,B59312U1140B70Z15-ND,B59312U1140B70Z15,TDK Electronics Inc.,PTC THERMISTOR,0,0,"Obsolete","0","0","-","-","Obsolete","-","-","-","-","-","-","-"
-,-,B59312U1140B70Z5-ND,B59312U1140B70Z5,TDK Electronics Inc.,PTC THERMISTOR,0,0,"Obsolete","0","0","-","-","Obsolete","-","-","-","-","-","-","-"
-,-,B59312U1150B70-ND,B59312U1150B70,TDK Electronics Inc.,PTC THERMISTOR,0,0,"Obsolete","0","0","-","-","Obsolete","-","-","-","-","-","-","-"
-,-,B59312U1150B70Z-ND,B59312U1150B70Z,TDK Electronics Inc.,PTC THERMISTOR,0,0,"Obsolete","0","0","-","-","Obsolete","-","-","-","-","-","-","-"
-,-,B59312U1150B70Z15-ND,B59312U1150B70Z15,TDK Electronics Inc.,PTC THERMISTOR,0,0,"Obsolete","0","0","-","-","Obsolete","-","-","-","-","-","-","-"
-,-,B59312U1150B70Z5-ND,B59312U1150B70Z5,TDK Electronics Inc.,PTC THERMISTOR,0,0,"Obsolete","0","0","-","-","Obsolete","-","-","-","-","-","-","-"
-,-,B59312U1160B70-ND,B59312U1160B70,TDK Electronics Inc.,PTC THERMISTOR,0,0,"Obsolete","0","0","-","-","Obsolete","-","-","-","-","-","-","-"
-,-,B59312U1160B70Z-ND,B59312U1160B70Z,TDK Electronics Inc.,PTC THERMISTOR,0,0,"Obsolete","0","0","-","-","Obsolete","-","-","-","-","-","-","-"
-,-,B59312U1160B70Z15-ND,B59312U1160B70Z15,TDK Electronics Inc.,PTC THERMISTOR,0,0,"Obsolete","0","0","-","-","Obsolete","-","-","-","-","-","-","-"
-,-,B59312U1160B70Z5-ND,B59312U1160B70Z5,TDK Electronics Inc.,PTC THERMISTOR,0,0,"Obsolete","0","0","-","-","Obsolete","-","-","-","-","-","-","-"
-,-,B59313U1130B70-ND,B59313U1130B70,TDK Electronics Inc.,PTC THERMISTOR,0,0,"Obsolete","0","0","-","-","Obsolete","-","-","-","-","-","-","-"
-,-,B59313U1130B70Z15-ND,B59313U1130B70Z15,TDK Electronics Inc.,PTC THERMISTOR,0,0,"Obsolete","0","0","-","-","Obsolete","-","-","-","-","-","-","-"
-,-,B59313U1130B70Z5-ND,B59313U1130B70Z5,TDK Electronics Inc.,PTC THERMISTOR,0,0,"Obsolete","0","0","-","-","Obsolete","-","-","-","-","-","-","-"
-,-,B59313U1140B70-ND,B59313U1140B70,TDK Electronics Inc.,PTC THERMISTOR,0,0,"Obsolete","0","0","-","-","Obsolete","-","-","-","-","-","-","-"
-,-,B59313U1140B70Z-ND,B59313U1140B70Z,TDK Electronics Inc.,PTC THERMISTOR,0,0,"Obsolete","0","0","-","-","Obsolete","-","-","-","-","-","-","-"
-,-,B59313U1140B70Z15-ND,B59313U1140B70Z15,TDK Electronics Inc.,PTC THERMISTOR,0,0,"Obsolete","0","0","-","-","Obsolete","-","-","-","-","-","-","-"
-,-,B59313U1140B70Z5-ND,B59313U1140B70Z5,TDK Electronics Inc.,PTC THERMISTOR,0,0,"Obsolete","0","0","-","-","Obsolete","-","-","-","-","-","-","-"
-,-,B59313U1150B70-ND,B59313U1150B70,TDK Electronics Inc.,PTC THERMISTOR,0,0,"Obsolete","0","0","-","-","Obsolete","-","-","-","-","-","-","-"
-,-,B59313U1150B70Z-ND,B59313U1150B70Z,TDK Electronics Inc.,PTC THERMISTOR,0,0,"Obsolete","0","0","-","-","Obsolete","-","-","-","-","-","-","-"
-,-,B59313U1150B70Z15-ND,B59313U1150B70Z15,TDK Electronics Inc.,PTC THERMISTOR,0,0,"Obsolete","0","0","-","-","Obsolete","-","-","-","-","-","-","-"
-,-,B59313U1150B70Z5-ND,B59313U1150B70Z5,TDK Electronics Inc.,PTC THERMISTOR,0,0,"Obsolete","0","0","-","-","Obsolete","-","-","-","-","-","-","-"
-,-,B59313U1160B70-ND,B59313U1160B70,TDK Electronics Inc.,PTC THERMISTOR,0,0,"Obsolete","0","0","-","-","Obsolete","-","-","-","-","-","-","-"
-,-,B59313U1160B70Z-ND,B59313U1160B70Z,TDK Electronics Inc.,PTC THERMISTOR,0,0,"Obsolete","0","0","-","-","Obsolete","-","-","-","-","-","-","-"
-,-,B59313U1160B70Z15-ND,B59313U1160B70Z15,TDK Electronics Inc.,PTC THERMISTOR,0,0,"Obsolete","0","0","-","-","Obsolete","-","-","-","-","-","-","-"
-,-,B59313U1160B70Z5-ND,B59313U1160B70Z5,TDK Electronics Inc.,PTC THERMISTOR,0,0,"Obsolete","0","0","-","-","Obsolete","-","-","-","-","-","-","-"
-,-,B59313U1180B70-ND,B59313U1180B70,TDK Electronics Inc.,PTC THERMISTOR,0,0,"Obsolete","0","0","-","-","Obsolete","-","-","-","-","-","-","-"
-,-,B59313U1180B70Z-ND,B59313U1180B70Z,TDK Electronics Inc.,PTC THERMISTOR,0,0,"Obsolete","0","0","-","-","Obsolete","-","-","-","-","-","-","-"
-,-,B59313U1180B70Z15-ND,B59313U1180B70Z15,TDK Electronics Inc.,PTC THERMISTOR,0,0,"Obsolete","0","0","-","-","Obsolete","-","-","-","-","-","-","-"
-,-,B59313U1180B70Z5-ND,B59313U1180B70Z5,TDK Electronics Inc.,PTC THERMISTOR,0,0,"Obsolete","0","0","-","-","Obsolete","-","-","-","-","-","-","-"
-,-,B59314U1140B70-ND,B59314U1140B70,TDK Electronics Inc.,PTC THERMISTOR,0,0,"Obsolete","0","0","-","-","Obsolete","-","-","-","-","-","-","-"
-,-,B59314U1140B70Z-ND,B59314U1140B70Z,TDK Electronics Inc.,PTC THERMISTOR,0,0,"Obsolete","0","0","-","-","Obsolete","-","-","-","-","-","-","-"
-,-,B59314U1140B70Z15-ND,B59314U1140B70Z15,TDK Electronics Inc.,PTC THERMISTOR,0,0,"Obsolete","0","0","-","-","Obsolete","-","-","-","-","-","-","-"
-,-,B59314U1140B70Z5-ND,B59314U1140B70Z5,TDK Electronics Inc.,PTC THERMISTOR,0,0,"Obsolete","0","0","-","-","Obsolete","-","-","-","-","-","-","-"
-,-,B59314U1160B70-ND,B59314U1160B70,TDK Electronics Inc.,PTC THERMISTOR,0,0,"Obsolete","0","0","-","-","Obsolete","-","-","-","-","-","-","-"
-,-,B59314U1160B70Z-ND,B59314U1160B70Z,TDK Electronics Inc.,PTC THERMISTOR,0,0,"Obsolete","0","0","-","-","Obsolete","-","-","-","-","-","-","-"
-,-,B59314U1160B70Z15-ND,B59314U1160B70Z15,TDK Electronics Inc.,PTC THERMISTOR,0,0,"Obsolete","0","0","-","-","Obsolete","-","-","-","-","-","-","-"
-,-,B59314U1160B70Z5-ND,B59314U1160B70Z5,TDK Electronics Inc.,PTC THERMISTOR,0,0,"Obsolete","0","0","-","-","Obsolete","-","-","-","-","-","-","-"
-,-,B59314U1180B70-ND,B59314U1180B70,TDK Electronics Inc.,PTC THERMISTOR,0,0,"Obsolete","0","0","-","-","Obsolete","-","-","-","-","-","-","-"
-,-,B59314U1180B70Z-ND,B59314U1180B70Z,TDK Electronics Inc.,PTC THERMISTOR,0,0,"Obsolete","0","0","-","-","Obsolete","-","-","-","-","-","-","-"
-,-,B59314U1180B70Z15-ND,B59314U1180B70Z15,TDK Electronics Inc.,PTC THERMISTOR,0,0,"Obsolete","0","0","-","-","Obsolete","-","-","-","-","-","-","-"
-,-,B59314U1180B70Z5-ND,B59314U1180B70Z5,TDK Electronics Inc.,PTC THERMISTOR,0,0,"Obsolete","0","0","-","-","Obsolete","-","-","-","-","-","-","-"
-,-,B59315U1110B70-ND,B59315U1110B70,TDK Electronics Inc.,PTC THERMISTOR,0,0,"Obsolete","0","0","-","-","Obsolete","-","-","-","-","-","-","-"
-,-,B59315U1110B70Z15-ND,B59315U1110B70Z15,TDK Electronics Inc.,PTC THERMISTOR,0,0,"Obsolete","0","0","-","-","Obsolete","-","-","-","-","-","-","-"
-,-,B59315U1110B70Z5-ND,B59315U1110B70Z5,TDK Electronics Inc.,PTC THERMISTOR,0,0,"Obsolete","0","0","-","-","Obsolete","-","-","-","-","-","-","-"
-,-,B59316U1120B70-ND,B59316U1120B70,TDK Electronics Inc.,PTC THERMISTOR,0,0,"Obsolete","0","0","-","-","Obsolete","-","-","-","-","-","-","-"
-,-,B59316U1120B70Z15-ND,B59316U1120B70Z15,TDK Electronics Inc.,PTC THERMISTOR,0,0,"Obsolete","0","0","-","-","Obsolete","-","-","-","-","-","-","-"
-,-,B59316U1120B70Z5-ND,B59316U1120B70Z5,TDK Electronics Inc.,PTC THERMISTOR,0,0,"Obsolete","0","0","-","-","Obsolete","-","-","-","-","-","-","-"
-,-,B59380S1120B54-ND,B59380S1120B54,TDK Electronics Inc.,PTC THERMISTOR,0,0,"Obsolete","0","0","-","-","Obsolete","-","-","-","-","-","-","-"
-,-,B59380S1120B54Z-ND,B59380S1120B54Z,TDK Electronics Inc.,PTC THERMISTOR,0,0,"Obsolete","0","0","-","-","Obsolete","-","-","-","-","-","-","-"
-,-,B59380S1120B54Z15-ND,B59380S1120B54Z15,TDK Electronics Inc.,PTC THERMISTOR,0,0,"Obsolete","0","0","-","-","Obsolete","-","-","-","-","-","-","-"
-,-,B59380S1120B54Z5-ND,B59380S1120B54Z5,TDK Electronics Inc.,PTC THERMISTOR,0,0,"Obsolete","0","0","-","-","Obsolete","-","-","-","-","-","-","-"
-,-,B59407B30A40-ND,B59407B30A40,TDK Electronics Inc.,PTC THERMISTOR,0,0,"Obsolete","0","0","-","-","Obsolete","-","-","-","-","-","-","-"
-,-,B59407B30A40Z-ND,B59407B30A40Z,TDK Electronics Inc.,PTC THERMISTOR,0,0,"Obsolete","0","0","-","-","Obsolete","-","-","-","-","-","-","-"
-,-,B59407B30A40Z15-ND,B59407B30A40Z15,TDK Electronics Inc.,PTC THERMISTOR,0,0,"Obsolete","0","0","-","-","Obsolete","-","-","-","-","-","-","-"
-,-,B59407B30A40Z5-ND,B59407B30A40Z5,TDK Electronics Inc.,PTC THERMISTOR,0,0,"Obsolete","0","0","-","-","Obsolete","-","-","-","-","-","-","-"
-,-,B59450T1120A62Z-ND,B59450T1120A62Z,TDK Electronics Inc.,PTC THERMISTOR,0,0,"Obsolete","0","0","-","-","Obsolete","50 Ohms","-","-","-","-","-","-"
-,-,B59450T1120A62Z15-ND,B59450T1120A62Z15,TDK Electronics Inc.,PTC THERMISTOR,0,0,"Obsolete","0","0","-","-","Obsolete","50 Ohms","-","-20°C ~ 125°C","-","Surface Mount","8-SMD","-"
-,-,B59450T1120A62Z5-ND,B59450T1120A62Z5,TDK Electronics Inc.,PTC THERMISTOR,0,0,"Obsolete","0","0","-","-","Obsolete","50 Ohms","-","-","-","-","-","-"
-,-,B59509T1120A62Z-ND,B59509T1120A62Z,TDK Electronics Inc.,PTC THERMISTOR,0,0,"Obsolete","0","0","-","-","Obsolete","9 Ohms","-","-","-","-","-","-"
-,-,B59509T1120A62Z15-ND,B59509T1120A62Z15,TDK Electronics Inc.,PTC THERMISTOR,0,0,"Obsolete","0","0","-","-","Obsolete","9 Ohms","-","-","-","-","-","-"
-,-,B59509T1120A62Z5-ND,B59509T1120A62Z5,TDK Electronics Inc.,PTC THERMISTOR,0,0,"Obsolete","0","0","-","-","Obsolete","9 Ohms","-","-","-","-","-","-"
-,-,B59510T1120A62Z-ND,B59510T1120A62Z,TDK Electronics Inc.,PTC THERMISTOR,0,0,"Obsolete","0","0","-","-","Obsolete","10 Ohms","-","-","-","-","-","-"
-,-,B59510T1120A62Z15-ND,B59510T1120A62Z15,TDK Electronics Inc.,PTC THERMISTOR,0,0,"Obsolete","0","0","-","-","Obsolete","10 Ohms","-","-20°C ~ 125°C","-","Surface Mount","Bead with Terminal","4-SMD"
-,-,B59510T1120A62Z5-ND,B59510T1120A62Z5,TDK Electronics Inc.,PTC THERMISTOR,0,0,"Obsolete","0","0","-","-","Obsolete","10 Ohms","-","-","-","-","-","-"
-,-,B59535T1120A262Z-ND,B59535T1120A262Z,TDK Electronics Inc.,PTC THERMISTOR,0,0,"Obsolete","0","0","-","-","Obsolete","35 Ohms","-","-","-","-","-","-"
-,-,B59535T1120A262Z15-ND,B59535T1120A262Z15,TDK Electronics Inc.,PTC THERMISTOR,0,0,"Obsolete","0","0","-","-","Obsolete","35 Ohms","-","-","-","-","-","-"
-,-,B59535T1120A262Z5-ND,B59535T1120A262Z5,TDK Electronics Inc.,PTC THERMISTOR,0,0,"Obsolete","0","0","-","-","Obsolete","35 Ohms","-","-","-","-","-","-"
-,-,B59535T1120A62-ND,B59535T1120A62,TDK Electronics Inc.,PTC THERMISTOR,0,0,"Obsolete","0","0","-","-","Obsolete","35 Ohms","-","-","-","-","-","-"
-,-,B59535T1120A62Z-ND,B59535T1120A62Z,TDK Electronics Inc.,PTC THERMISTOR,0,0,"Obsolete","0","0","-","-","Obsolete","35 Ohms","-","-","-","-","-","-"
-,-,B59535T1120A62Z15-ND,B59535T1120A62Z15,TDK Electronics Inc.,PTC THERMISTOR,0,0,"Obsolete","0","0","-","-","Obsolete","35 Ohms","-","-","-","-","-","-"
-,-,B59535T1120A62Z5-ND,B59535T1120A62Z5,TDK Electronics Inc.,PTC THERMISTOR,0,0,"Obsolete","0","0","-","-","Obsolete","35 Ohms","-","-","-","-","-","-"
-,-,B59536A135A20V1-ND,B59536A135A20V1,TDK Electronics Inc.,PTC THERMISTOR,0,0,"Obsolete","0","0","-","-","Obsolete","-","-","-","-","-","-","-"
-,-,B59536A135A20V60-ND,B59536A135A20V60,TDK Electronics Inc.,PTC THERMISTOR,0,0,"Obsolete","0","0","-","-","Obsolete","-","-","-","-","-","-","-"
-,-,B59536A135A20V61-ND,B59536A135A20V61,TDK Electronics Inc.,PTC THERMISTOR,0,0,"Obsolete","0","0","-","-","Obsolete","-","-","-","-","-","-","-"
-,-,B59536A135A20Z11-ND,B59536A135A20Z11,TDK Electronics Inc.,PTC THERMISTOR,0,0,"Obsolete","0","0","-","-","Obsolete","-","-","-","-","-","-","-"
-,-,B59536A135A20Z15-ND,B59536A135A20Z15,TDK Electronics Inc.,PTC THERMISTOR,0,0,"Obsolete","0","0","-","-","Obsolete","-","-","-","-","-","-","-"
-,-,B59546A135A20V1-ND,B59546A135A20V1,TDK Electronics Inc.,PTC THERMISTOR,0,0,"Obsolete","0","0","-","B59546","Obsolete","4.7 Ohms","-","-","-","-","-","-"
-,-,B59546A135A20V2-ND,B59546A135A20V2,TDK Electronics Inc.,PTC THERMISTOR,0,0,"Obsolete","0","0","-","B59546","Obsolete","4.7 Ohms","-","-","-","-","-","-"
-,-,B59546A135A20V60-ND,B59546A135A20V60,TDK Electronics Inc.,PTC THERMISTOR,0,0,"Obsolete","0","0","-","B59546","Obsolete","4.7 Ohms","-","-","-","-","-","-"
-,-,B59546A135A20V61-ND,B59546A135A20V61,TDK Electronics Inc.,PTC THERMISTOR,0,0,"Obsolete","0","0","-","B59546","Obsolete","4.7 Ohms","-","-","-","-","-","-"
-,-,B59546A135A20V62-ND,B59546A135A20V62,TDK Electronics Inc.,PTC THERMISTOR,0,0,"Obsolete","0","0","-","B59546","Obsolete","4.7 Ohms","-","-","-","-","-","-"
-,-,B59546A135A20Z11-ND,B59546A135A20Z11,TDK Electronics Inc.,PTC THERMISTOR,0,0,"Obsolete","0","0","-","B59546","Obsolete","4.7 Ohms","-","-","-","-","-","-"
-,-,B59546A135A20Z12-ND,B59546A135A20Z12,TDK Electronics Inc.,PTC THERMISTOR,0,0,"Obsolete","0","0","-","B59546","Obsolete","4.7 Ohms","±20%","5°C ~ 80°C","-","Surface Mount","-","-"
-,-,B59546A135A20Z13-ND,B59546A135A20Z13,TDK Electronics Inc.,PTC THERMISTOR,0,0,"Obsolete","0","0","-","B59546","Obsolete","4.7 Ohms","±20%","5°C ~ 80°C","-","Surface Mount","-","-"
-,-,B59546A135A20Z15-ND,B59546A135A20Z15,TDK Electronics Inc.,PTC THERMISTOR,0,0,"Obsolete","0","0","-","B59546","Obsolete","4.7 Ohms","-","-","-","-","-","-"
-,-,B59546A135A20Z21-ND,B59546A135A20Z21,TDK Electronics Inc.,PTC THERMISTOR,0,0,"Obsolete","0","0","-","B59546","Obsolete","4.7 Ohms","-","-","-","-","-","-"
-,-,B59548A135A20V1-ND,B59548A135A20V1,TDK Electronics Inc.,PTC THERMISTOR,0,0,"Obsolete","0","0","-","B59548","Obsolete","6.8 Ohms","-","-","-","-","-","-"
-,-,B59548A135A20V60-ND,B59548A135A20V60,TDK Electronics Inc.,PTC THERMISTOR,0,0,"Obsolete","0","0","-","B59548","Obsolete","6.8 Ohms","-","-","-","-","-","-"
-,-,B59548A135A20V61-ND,B59548A135A20V61,TDK Electronics Inc.,PTC THERMISTOR,0,0,"Obsolete","0","0","-","B59548","Obsolete","6.8 Ohms","±20%","5°C ~ 80°C","-","Surface Mount","-","-"
-,-,B59548A135A20Z11-ND,B59548A135A20Z11,TDK Electronics Inc.,PTC THERMISTOR,0,0,"Obsolete","0","0","-","B59548","Obsolete","6.8 Ohms","-","-","-","-","-","-"
-,-,B59548A135A20Z15-ND,B59548A135A20Z15,TDK Electronics Inc.,PTC THERMISTOR,0,0,"Obsolete","0","0","-","B59548","Obsolete","6.8 Ohms","±20%","5°C ~ 80°C","-","Surface Mount","-","-"
-,-,B59550A135A20V1-ND,B59550A135A20V1,TDK Electronics Inc.,PTC THERMISTOR,0,0,"Obsolete","0","0","-","B59550","Obsolete","33 Ohms","-","-","-","-","-","-"
-,-,B59550A135A20V2-ND,B59550A135A20V2,TDK Electronics Inc.,PTC THERMISTOR,0,0,"Obsolete","0","0","-","B59550","Obsolete","33 Ohms","±20%","5°C ~ 80°C","-","Surface Mount","-","-"
-,-,B59550A135A20V60-ND,B59550A135A20V60,TDK Electronics Inc.,PTC THERMISTOR,0,0,"Obsolete","0","0","-","B59550","Obsolete","33 Ohms","±20%","5°C ~ 80°C","-","Surface Mount","-","-"
-,-,B59550A135A20V61-ND,B59550A135A20V61,TDK Electronics Inc.,PTC THERMISTOR,0,0,"Obsolete","0","0","-","B59550","Obsolete","33 Ohms","-","-","-","-","-","-"
-,-,B59550A135A20Z11-ND,B59550A135A20Z11,TDK Electronics Inc.,PTC THERMISTOR,0,0,"Obsolete","0","0","-","B59550","Obsolete","33 Ohms","-","-","-","-","-","-"
-,-,B59550A135A20Z12-ND,B59550A135A20Z12,TDK Electronics Inc.,PTC THERMISTOR,0,0,"Obsolete","0","0","-","B59550","Obsolete","33 Ohms","±20%","5°C ~ 80°C","-","Surface Mount","-","-"
-,-,B59550A135A20Z15-ND,B59550A135A20Z15,TDK Electronics Inc.,PTC THERMISTOR,0,0,"Obsolete","0","0","-","B59550","Obsolete","33 Ohms","-","-","-","-","-","-"
-,-,B59550T1120A262Z-ND,B59550T1120A262Z,TDK Electronics Inc.,PTC THERMISTOR,0,0,"Obsolete","0","0","-","-","Obsolete","50 Ohms","-","-","-","-","-","-"
-,-,B59550T1120A262Z15-ND,B59550T1120A262Z15,TDK Electronics Inc.,PTC THERMISTOR,0,0,"Obsolete","0","0","-","-","Obsolete","50 Ohms","-","-","-","-","-","-"
-,-,B59550T1120A262Z5-ND,B59550T1120A262Z5,TDK Electronics Inc.,PTC THERMISTOR,0,0,"Obsolete","0","0","-","-","Obsolete","50 Ohms","-","-","-","-","-","-"
-,-,B59550T1120A62-ND,B59550T1120A62,TDK Electronics Inc.,PTC THERMISTOR,0,0,"Obsolete","0","0","-","-","Obsolete","50 Ohms","-","-","-","-","-","-"
-,-,B59550T1120A62Z-ND,B59550T1120A62Z,TDK Electronics Inc.,PTC THERMISTOR,0,0,"Obsolete","0","0","-","-","Obsolete","50 Ohms","-","-","-","-","-","-"
-,-,B59550T1120A62Z15-ND,B59550T1120A62Z15,TDK Electronics Inc.,PTC THERMISTOR,0,0,"Obsolete","0","0","-","-","Obsolete","50 Ohms","-","-","-","-","-","-"
-,-,B59550T1120A62Z5-ND,B59550T1120A62Z5,TDK Electronics Inc.,PTC THERMISTOR,0,0,"Obsolete","0","0","-","-","Obsolete","50 Ohms","-","-","-","-","-","-"
-,-,B59556A135A20V1-ND,B59556A135A20V1,TDK Electronics Inc.,PTC THERMISTOR,0,0,"Obsolete","0","0","-","B59556","Obsolete","15 Ohms","-","-","-","-","-","-"
-,-,B59556A135A20V2-ND,B59556A135A20V2,TDK Electronics Inc.,PTC THERMISTOR,0,0,"Obsolete","0","0","-","B59556","Obsolete","15 Ohms","-","-","-","-","-","-"
-,-,B59556A135A20V3-ND,B59556A135A20V3,TDK Electronics Inc.,PTC THERMISTOR,0,0,"Obsolete","0","0","-","B59556","Obsolete","15 Ohms","-","-","-","-","-","-"
-,-,B59556A135A20V4-ND,B59556A135A20V4,TDK Electronics Inc.,PTC THERMISTOR,0,0,"Obsolete","0","0","-","B59556","Obsolete","15 Ohms","-","-","-","-","-","-"
-,-,B59556A135A20Z11-ND,B59556A135A20Z11,TDK Electronics Inc.,PTC THERMISTOR,0,0,"Obsolete","0","0","-","B59556","Obsolete","15 Ohms","-","-","-","-","-","-"
-,-,B59556A135A20Z12-ND,B59556A135A20Z12,TDK Electronics Inc.,PTC THERMISTOR,0,0,"Obsolete","0","0","-","B59556","Obsolete","15 Ohms","-","-","-","-","-","-"
-,-,B59556A135A20Z13-ND,B59556A135A20Z13,TDK Electronics Inc.,PTC THERMISTOR,0,0,"Obsolete","0","0","-","B59556","Obsolete","15 Ohms","-","-","-","-","-","-"
-,-,B59556A135A20Z14-ND,B59556A135A20Z14,TDK Electronics Inc.,PTC THERMISTOR,0,0,"Obsolete","0","0","-","B59556","Obsolete","15 Ohms","-","-","-","-","-","-"
-,-,B59556A135A20Z15-ND,B59556A135A20Z15,TDK Electronics Inc.,PTC THERMISTOR,0,0,"Obsolete","0","0","-","B59556","Obsolete","15 Ohms","-","-","-","-","-","-"
-,-,B59556A135A20Z22-ND,B59556A135A20Z22,TDK Electronics Inc.,PTC THERMISTOR,0,0,"Obsolete","0","0","-","B59556","Obsolete","15 Ohms","-","-","-","-","-","-"
-,-,B59603B1120B157Z-ND,B59603B1120B157Z,TDK Electronics Inc.,PTC THERMISTOR,0,0,"Obsolete","0","0","-","-","Obsolete","470 Ohms","-","-","-","-","-","-"
-,-,B59603B1120B157Z15-ND,B59603B1120B157Z15,TDK Electronics Inc.,PTC THERMISTOR,0,0,"Obsolete","0","0","-","-","Obsolete","470 Ohms","-","-","-","-","-","-"
-,-,B59603B1120B157Z5-ND,B59603B1120B157Z5,TDK Electronics Inc.,PTC THERMISTOR,0,0,"Obsolete","0","0","-","-","Obsolete","470 Ohms","-","-","-","-","-","-"
-,-,B59671A120B810-ND,B59671A120B810,TDK Electronics Inc.,PTC THERMISTOR,0,0,"Obsolete","0","0","-","-","Obsolete","-","-","-","-","-","-","-"
-,-,B59735T1150A62-ND,B59735T1150A62,TDK Electronics Inc.,PTC THERMISTOR,0,0,"Obsolete","0","0","-","-","Obsolete","35 Ohms","-","-","-","-","-","-"
-,-,B59735T1150A62Z15-ND,B59735T1150A62Z15,TDK Electronics Inc.,PTC THERMISTOR,0,0,"Obsolete","0","0","-","-","Obsolete","35 Ohms","-","-","-","-","-","-"
-,-,B59735T1150A62Z5-ND,B59735T1150A62Z5,TDK Electronics Inc.,PTC THERMISTOR,0,0,"Obsolete","0","0","-","-","Obsolete","35 Ohms","-","-","-","-","-","-"
-,-,B59758B110A71-ND,B59758B110A71,TDK Electronics Inc.,PTC THERMISTOR,0,0,"Obsolete","0","0","-","-","Obsolete","-","-","-","-","-","-","-"
-,-,B59758B110A71Z-ND,B59758B110A71Z,TDK Electronics Inc.,PTC THERMISTOR,0,0,"Obsolete","0","0","-","-","Obsolete","-","-","-","-","-","-","-"
-,-,B59758B110A71Z15-ND,B59758B110A71Z15,TDK Electronics Inc.,PTC THERMISTOR,0,0,"Obsolete","0","0","-","-","Obsolete","-","-","-","-","-","-","-"
-,-,B59758B110A71Z5-ND,B59758B110A71Z5,TDK Electronics Inc.,PTC THERMISTOR,0,0,"Obsolete","0","0","-","-","Obsolete","-","-","-","-","-","-","-"
-,-,B59770B120B40-ND,B59770B120B40,TDK Electronics Inc.,PTC THERMISTOR,0,0,"Obsolete","0","0","-","-","Obsolete","-","-","-","-","-","-","-"
-,-,B59770B120B40Z-ND,B59770B120B40Z,TDK Electronics Inc.,PTC THERMISTOR,0,0,"Obsolete","0","0","-","-","Obsolete","-","-","-","-","-","-","-"
-,-,B59770B120B40Z15-ND,B59770B120B40Z15,TDK Electronics Inc.,PTC THERMISTOR,0,0,"Obsolete","0","0","-","-","Obsolete","-","-","-","-","-","-","-"
-,-,B59770B120B40Z17-ND,B59770B120B40Z17,TDK Electronics Inc.,PTC THERMISTOR,0,0,"Obsolete","0","0","-","-","Obsolete","-","-","-","-","-","-","-"
-,-,B59770B120B40Z5-ND,B59770B120B40Z5,TDK Electronics Inc.,PTC THERMISTOR,0,0,"Obsolete","0","0","-","-","Obsolete","-","-","-","-","-","-","-"
-,-,B59770B120B40Z6-ND,B59770B120B40Z6,TDK Electronics Inc.,PTC THERMISTOR,0,0,"Obsolete","0","0","-","-","Obsolete","-","-","-","-","-","-","-"
-,-,B59770B120B40Z7-ND,B59770B120B40Z7,TDK Electronics Inc.,PTC THERMISTOR,0,0,"Obsolete","0","0","-","-","Obsolete","-","-","-","-","-","-","-"
-,-,B59801D110A40Z-ND,B59801D110A40Z,TDK Electronics Inc.,PTC THERMISTOR,0,0,"Obsolete","0","0","-","-","Obsolete","-","-","-","-","-","-","-"
-,-,B59801D110A40Z5-ND,B59801D110A40Z5,TDK Electronics Inc.,PTC THERMISTOR,0,0,"Obsolete","0","0","-","-","Obsolete","-","-","-","-","-","-","-"
-,-,B59825T1120A62Z-ND,B59825T1120A62Z,TDK Electronics Inc.,PTC THERMISTOR,0,0,"Obsolete","0","0","-","-","Obsolete","25 Ohms","-","-20°C ~ 125°C","-","Surface Mount","4-SMD","4-SMD"
-,-,B59825T1120A62Z15-ND,B59825T1120A62Z15,TDK Electronics Inc.,PTC THERMISTOR,0,0,"Obsolete","0","0","-","-","Obsolete","25 Ohms","-","-","-","-","-","-"
-,-,B59825T1120A62Z5-ND,B59825T1120A62Z5,TDK Electronics Inc.,PTC THERMISTOR,0,0,"Obsolete","0","0","-","-","Obsolete","25 Ohms","-","-","-","-","-","-"
-,-,B59890S1120B154-ND,B59890S1120B154,TDK Electronics Inc.,PTC THERMISTOR,0,0,"Obsolete","0","0","-","-","Obsolete","-","-","-","-","-","-","-"
-,-,B59890S1120B154Z-ND,B59890S1120B154Z,TDK Electronics Inc.,PTC THERMISTOR,0,0,"Obsolete","0","0","-","-","Obsolete","-","-","-","-","-","-","-"
-,-,B59890S1120B154Z15-ND,B59890S1120B154Z15,TDK Electronics Inc.,PTC THERMISTOR,0,0,"Obsolete","0","0","-","-","Obsolete","-","-","-","-","-","-","-"
-,-,B59890S1120B154Z5-ND,B59890S1120B154Z5,TDK Electronics Inc.,PTC THERMISTOR,0,0,"Obsolete","0","0","-","-","Obsolete","-","-","-","-","-","-","-"
-,-,B59901D100A40V30-ND,B59901D100A40V30,TDK Electronics Inc.,PTC THERMISTOR,0,0,"Obsolete","0","0","-","B59901","Obsolete","100 Ohms","-","-","-","-","-","-"
-,-,B59901D100A40Z-ND,B59901D100A40Z,TDK Electronics Inc.,PTC THERMISTOR,0,0,"Obsolete","0","0","-","B59901","Obsolete","100 Ohms","-","90°C ~ 130°C","-","PCB, Through Hole","Radial","-"
-,-,B59901D100A40Z15-ND,B59901D100A40Z15,TDK Electronics Inc.,PTC THERMISTOR,0,0,"Obsolete","0","0","-","B59901","Obsolete","100 Ohms","-","-","-","-","-","-"
-,-,B59901D100A40Z5-ND,B59901D100A40Z5,TDK Electronics Inc.,PTC THERMISTOR,0,0,"Obsolete","0","0","-","B59901","Obsolete","100 Ohms","-","90°C ~ 130°C","-","PCB, Through Hole","Radial","-"
-,-,B59901D110A40V30-ND,B59901D110A40V30,TDK Electronics Inc.,PTC THERMISTOR,0,0,"Obsolete","0","0","-","B59901","Obsolete","100 Ohms","-","90°C ~ 130°C","-","PCB, Through Hole","Radial","-"
-,-,B59901D110A40Z-ND,B59901D110A40Z,TDK Electronics Inc.,PTC THERMISTOR,0,0,"Obsolete","0","0","-","B59901","Obsolete","100 Ohms","-","90°C ~ 130°C","-","PCB, Through Hole","Radial","-"
-,-,B59901D110A40Z15-ND,B59901D110A40Z15,TDK Electronics Inc.,PTC THERMISTOR,0,0,"Obsolete","0","0","-","B59901","Obsolete","100 Ohms","-","90°C ~ 130°C","-","PCB, Through Hole","Radial","-"
-,-,B59901D110A40Z5-ND,B59901D110A40Z5,TDK Electronics Inc.,PTC THERMISTOR,0,0,"Obsolete","0","0","-","B59901","Obsolete","100 Ohms","-","-","-","-","-","-"
-,-,B59901D120A40V30-ND,B59901D120A40V30,TDK Electronics Inc.,PTC THERMISTOR,0,0,"Obsolete","0","0","-","B59901","Obsolete","100 Ohms","-","-","-","-","-","-"
-,-,B59901D120A40Z-ND,B59901D120A40Z,TDK Electronics Inc.,PTC THERMISTOR,0,0,"Obsolete","0","0","-","B59901","Obsolete","100 Ohms","-","90°C ~ 130°C","-","PCB, Through Hole","Radial","-"
-,-,B59901D120A40Z15-ND,B59901D120A40Z15,TDK Electronics Inc.,PTC THERMISTOR,0,0,"Obsolete","0","0","-","B59901","Obsolete","100 Ohms","-","90°C ~ 130°C","-","PCB, Through Hole","Radial","-"
-,-,B59901D120A40Z5-ND,B59901D120A40Z5,TDK Electronics Inc.,PTC THERMISTOR,0,0,"Obsolete","0","0","-","B59901","Obsolete","100 Ohms","-","90°C ~ 130°C","-","PCB, Through Hole","Radial","-"
-,-,B59901D60A40V30-ND,B59901D60A40V30,TDK Electronics Inc.,PTC THERMISTOR,0,0,"Obsolete","0","0","-","B59901","Obsolete","100 Ohms","-","90°C ~ 130°C","-","PCB, Through Hole","Radial","-"
-,-,B59901D60A40Z-ND,B59901D60A40Z,TDK Electronics Inc.,PTC THERMISTOR,0,0,"Obsolete","0","0","-","B59901","Obsolete","100 Ohms","-","-","-","-","-","-"
-,-,B59901D60A40Z15-ND,B59901D60A40Z15,TDK Electronics Inc.,PTC THERMISTOR,0,0,"Obsolete","0","0","-","B59901","Obsolete","100 Ohms","-","90°C ~ 130°C","-","PCB, Through Hole","Radial","-"
